{"cameraMode":{"drawMode":0,"name":"Shaded","section":"Shading Mode"},"sceneLighting":true,"audioPlay":false,"sceneViewState":{"m_AlwaysRefresh":false,"showFog":true,"showSkybox":true,"showFlares":true,"showImageEffects":true,"showParticleSystems":true,"showVisualEffectGraphs":true,"m_FxEnabled":true},"in2DMode":false,"pivot":{"x":9.684106826782227,"y":2.5384740829467775,"z":41.87516784667969},"rotation":{"x":0.03695153445005417,"y":0.9523809552192688,"z":-0.18490365147590638,"w":0.24292108416557313},"size":0.07071094959974289,"orthographic":false}