{"cameraMode":{"drawMode":0,"name":"Shaded","section":"Shading Mode"},"sceneLighting":true,"audioPlay":false,"sceneViewState":{"m_AlwaysRefresh":false,"showFog":true,"showSkybox":true,"showFlares":true,"showImageEffects":true,"showParticleSystems":true,"showVisualEffectGraphs":true,"m_FxEnabled":true},"in2DMode":false,"pivot":{"x":-0.7690983414649963,"y":-2.310946464538574,"z":-101.35286712646485},"rotation":{"x":-0.02918749675154686,"y":-0.9618260860443115,"z":0.18029288947582246,"w":-0.20747911930084229},"size":0.3411988914012909,"orthographic":false}