{"cameraMode":{"drawMode":0,"name":"Shaded","section":"Shading Mode"},"sceneLighting":false,"audioPlay":false,"sceneViewState":{"m_AlwaysRefresh":false,"showFog":true,"showSkybox":false,"showFlares":true,"showImageEffects":true,"showParticleSystems":true,"showVisualEffectGraphs":true,"m_FxEnabled":true},"in2DMode":false,"pivot":{"x":-0.21040865778923036,"y":0.09029106795787811,"z":-0.06679859757423401},"rotation":{"x":-0.0022731036879122259,"y":-0.9789098501205444,"z":0.20439806580543519,"w":-0.0190521739423275},"size":0.2363554835319519,"orthographic":false}