{"cameraMode":{"drawMode":0,"name":"Shaded","section":"Shading Mode"},"sceneLighting":false,"audioPlay":false,"sceneViewState":{"m_AlwaysRefresh":false,"showFog":true,"showSkybox":false,"showFlares":true,"showImageEffects":true,"showParticleSystems":true,"showVisualEffectGraphs":true,"m_FxEnabled":true},"in2DMode":false,"pivot":{"x":15.343465805053711,"y":-3.529233932495117,"z":22.748064041137697},"rotation":{"x":0.05592852085828781,"y":0.9266195297241211,"z":-0.33120542764663699,"w":0.17249323427677155},"size":0.46026739478111269,"orthographic":false}