Using pre-set license
Built from '2022.3/staging' branch; Version is '2022.3.57f1 (9d8bd91adc0a) revision 10324953'; Using compiler version '192829333'; Build Type 'Release'
OS: 'Windows 11  (10.0.26100) 64bit Core' Language: 'es' Physical Memory: 32581 MB
BatchMode: 1, IsHumanControllingUs: 0, StartBugReporterOnCrash: 0, Is64bit: 1, IsPro: 1

COMMAND LINE ARGUMENTS:
C:\Program Files\Unity\Hub\Editor\2022.3.57f1\Editor\Unity.exe
-adb2
-batchMode
-noUpm
-name
AssetImportWorker0
-projectPath
D:/Proyectos/TFG Daniel
-logFile
Logs/AssetImportWorker0.log
-srvPort
54044
Successfully changed project path to: D:/Proyectos/TFG Daniel
D:/Proyectos/TFG Daniel
[UnityMemory] Configuration Parameters - Can be set up in boot.config
    "memorysetup-bucket-allocator-granularity=16"
    "memorysetup-bucket-allocator-bucket-count=8"
    "memorysetup-bucket-allocator-block-size=33554432"
    "memorysetup-bucket-allocator-block-count=8"
    "memorysetup-main-allocator-block-size=16777216"
    "memorysetup-thread-allocator-block-size=16777216"
    "memorysetup-gfx-main-allocator-block-size=16777216"
    "memorysetup-gfx-thread-allocator-block-size=16777216"
    "memorysetup-cache-allocator-block-size=4194304"
    "memorysetup-typetree-allocator-block-size=2097152"
    "memorysetup-profiler-bucket-allocator-granularity=16"
    "memorysetup-profiler-bucket-allocator-bucket-count=8"
    "memorysetup-profiler-bucket-allocator-block-size=33554432"
    "memorysetup-profiler-bucket-allocator-block-count=8"
    "memorysetup-profiler-allocator-block-size=16777216"
    "memorysetup-profiler-editor-allocator-block-size=1048576"
    "memorysetup-temp-allocator-size-main=16777216"
    "memorysetup-job-temp-allocator-block-size=2097152"
    "memorysetup-job-temp-allocator-block-size-background=1048576"
    "memorysetup-job-temp-allocator-reduction-small-platforms=262144"
    "memorysetup-allocator-temp-initial-block-size-main=262144"
    "memorysetup-allocator-temp-initial-block-size-worker=262144"
    "memorysetup-temp-allocator-size-background-worker=32768"
    "memorysetup-temp-allocator-size-job-worker=262144"
    "memorysetup-temp-allocator-size-preload-manager=33554432"
    "memorysetup-temp-allocator-size-nav-mesh-worker=65536"
    "memorysetup-temp-allocator-size-audio-worker=65536"
    "memorysetup-temp-allocator-size-cloud-worker=32768"
    "memorysetup-temp-allocator-size-gi-baking-worker=262144"
    "memorysetup-temp-allocator-size-gfx=262144"
Player connection [30152]  Target information:

Player connection [30152]  * "[IP] 192.168.1.132 [Port] 0 [Flags] 2 [Guid] 3795337650 [EditorId] 3795337650 [Version] 1048832 [Id] WindowsEditor(7,DESKTOP-L49GVOP) [Debug] 1 [PackageName] WindowsEditor [ProjectName] Editor" 

Player connection [30152] Host joined multi-casting on [225.0.0.222:54997]...
Player connection [30152] Host joined alternative multi-casting on [225.0.0.222:34997]...
Input System module state changed to: Initialized.
[PhysX] Initialized MultithreadedTaskDispatcher with 20 workers.
Refreshing native plugins compatible for Editor in 12.21 ms, found 14 plugins.
Preloading 0 native plugins for Editor in 0.00 ms.
Initialize engine version: 2022.3.57f1 (9d8bd91adc0a)
[Subsystems] Discovering subsystems at path C:/Program Files/Unity/Hub/Editor/2022.3.57f1/Editor/Data/Resources/UnitySubsystems
[Subsystems] Discovering subsystems at path D:/Proyectos/TFG Daniel/Assets
GfxDevice: creating device client; threaded=0; jobified=0
Direct3D:
    Version:  Direct3D 11.0 [level 11.1]
    Renderer: NVIDIA GeForce RTX 4060 (ID=0x2882)
    Vendor:   NVIDIA
    VRAM:     7957 MB
    Driver:   32.0.15.7283
Initialize mono
Mono path[0] = 'C:/Program Files/Unity/Hub/Editor/2022.3.57f1/Editor/Data/Managed'
Mono path[1] = 'C:/Program Files/Unity/Hub/Editor/2022.3.57f1/Editor/Data/MonoBleedingEdge/lib/mono/unityjit-win32'
Mono config path = 'C:/Program Files/Unity/Hub/Editor/2022.3.57f1/Editor/Data/MonoBleedingEdge/etc'
Using monoOptions --debugger-agent=transport=dt_socket,embedding=1,server=y,suspend=n,address=127.0.0.1:56048
Begin MonoManager ReloadAssembly
Registering precompiled unity dll's ...
Register platform support module: C:/Program Files/Unity/Hub/Editor/2022.3.57f1/Editor/Data/PlaybackEngines/WindowsStandaloneSupport/UnityEditor.WindowsStandalone.Extensions.dll
Registered in 0.004617 seconds.
- Loaded All Assemblies, in  0.256 seconds
Native extension for WindowsStandalone target not found
Mono: successfully reloaded assembly
- Finished resetting the current domain, in  0.198 seconds
Domain Reload Profiling: 453ms
	BeginReloadAssembly (83ms)
		ExecutionOrderSort (0ms)
		DisableScriptedObjects (0ms)
		BackupInstance (0ms)
		ReleaseScriptingObjects (0ms)
		CreateAndSetChildDomain (1ms)
	RebuildCommonClasses (24ms)
	RebuildNativeTypeToScriptingClass (7ms)
	initialDomainReloadingComplete (41ms)
	LoadAllAssembliesAndSetupDomain (98ms)
		LoadAssemblies (82ms)
		RebuildTransferFunctionScriptingTraits (0ms)
		AnalyzeDomain (97ms)
			TypeCache.Refresh (96ms)
				TypeCache.ScanAssembly (87ms)
			ScanForSourceGeneratedMonoScriptInfo (0ms)
			ResolveRequiredComponents (0ms)
	FinalizeReload (199ms)
		ReleaseScriptCaches (0ms)
		RebuildScriptCaches (0ms)
		SetupLoadedEditorAssemblies (165ms)
			LogAssemblyErrors (0ms)
			InitializePlatformSupportModulesInManaged (7ms)
			SetLoadedEditorAssemblies (6ms)
			RefreshPlugins (0ms)
			BeforeProcessingInitializeOnLoad (2ms)
			ProcessInitializeOnLoadAttributes (115ms)
			ProcessInitializeOnLoadMethodAttributes (36ms)
			AfterProcessingInitializeOnLoad (0ms)
			EditorAssembliesLoaded (0ms)
		ExecutionOrderSort2 (0ms)
		AwakeInstancesAfterBackupRestoration (0ms)
========================================================================
Worker process is ready to serve import requests
Caller must complete domain reload
Begin MonoManager ReloadAssembly
- Loaded All Assemblies, in  0.503 seconds
Native extension for WindowsStandalone target not found
Downloading https://github.com/undreamai/LlamaLib/releases/download/v1.2.1/undreamai-v1.2.1-llamacpp-full.zip to C:/Users/Usuario/AppData/Local/Temp/DefaultCompany/TFG Daniel\undreamai-v1.2.1-llamacpp-full.zip...
UnityEngine.StackTraceUtility:ExtractStackTrace ()
UnityEngine.DebugLogHandler:LogFormat (UnityEngine.LogType,UnityEngine.Object,string,object[])
UnityEngine.Logger:Log (UnityEngine.LogType,object)
UnityEngine.Debug:Log (object)
LLMUnity.LLMUnitySetup:Log (string) (at C:/Users/Usuario/Proyectos/TFG Daniel/Assets/LLMUnity/Runtime/LLMUnitySetup.cs:173)
LLMUnity.LLMUnitySetup/<DownloadFile>d__31:MoveNext () (at C:/Users/Usuario/Proyectos/TFG Daniel/Assets/LLMUnity/Runtime/LLMUnitySetup.cs:269)
System.Runtime.CompilerServices.AsyncTaskMethodBuilder:Start<LLMUnity.LLMUnitySetup/<DownloadFile>d__31> (LLMUnity.LLMUnitySetup/<DownloadFile>d__31&)
LLMUnity.LLMUnitySetup:DownloadFile (string,string,bool,LLMUnity.Callback`1<string>,LLMUnity.Callback`1<single>)
LLMUnity.LLMUnitySetup/<DownloadAndExtractInsideDirectory>d__41:MoveNext () (at C:/Users/Usuario/Proyectos/TFG Daniel/Assets/LLMUnity/Runtime/LLMUnitySetup.cs:407)
System.Runtime.CompilerServices.AsyncTaskMethodBuilder:Start<LLMUnity.LLMUnitySetup/<DownloadAndExtractInsideDirectory>d__41> (LLMUnity.LLMUnitySetup/<DownloadAndExtractInsideDirectory>d__41&)
LLMUnity.LLMUnitySetup:DownloadAndExtractInsideDirectory (string,string,string)
LLMUnity.LLMUnitySetup/<DownloadLibrary>d__43:MoveNext () (at C:/Users/Usuario/Proyectos/TFG Daniel/Assets/LLMUnity/Runtime/LLMUnitySetup.cs:459)
System.Runtime.CompilerServices.AsyncTaskMethodBuilder:Start<LLMUnity.LLMUnitySetup/<DownloadLibrary>d__43> (LLMUnity.LLMUnitySetup/<DownloadLibrary>d__43&)
LLMUnity.LLMUnitySetup:DownloadLibrary ()
LLMUnity.LLMUnitySetup/<InitializeOnLoad>d__28:MoveNext () (at C:/Users/Usuario/Proyectos/TFG Daniel/Assets/LLMUnity/Runtime/LLMUnitySetup.cs:237)
System.Runtime.CompilerServices.AsyncTaskMethodBuilder:Start<LLMUnity.LLMUnitySetup/<InitializeOnLoad>d__28> (LLMUnity.LLMUnitySetup/<InitializeOnLoad>d__28&)
LLMUnity.LLMUnitySetup:InitializeOnLoad ()
System.Reflection.RuntimeMethodInfo:Invoke (object,System.Reflection.BindingFlags,System.Reflection.Binder,object[],System.Globalization.CultureInfo)
System.Reflection.MethodBase:Invoke (object,object[])
UnityEditor.EditorAssemblies:ProcessInitializeOnLoadMethodAttributes ()

(Filename: C:/Users/Usuario/Proyectos/TFG Daniel/Assets/LLMUnity/Runtime/LLMUnitySetup.cs Line: 173)

Mono: successfully reloaded assembly
- Finished resetting the current domain, in  0.475 seconds
Domain Reload Profiling: 977ms
	BeginReloadAssembly (108ms)
		ExecutionOrderSort (0ms)
		DisableScriptedObjects (4ms)
		BackupInstance (0ms)
		ReleaseScriptingObjects (0ms)
		CreateAndSetChildDomain (15ms)
	RebuildCommonClasses (24ms)
	RebuildNativeTypeToScriptingClass (7ms)
	initialDomainReloadingComplete (53ms)
	LoadAllAssembliesAndSetupDomain (309ms)
		LoadAssemblies (238ms)
		RebuildTransferFunctionScriptingTraits (0ms)
		AnalyzeDomain (135ms)
			TypeCache.Refresh (119ms)
				TypeCache.ScanAssembly (108ms)
			ScanForSourceGeneratedMonoScriptInfo (10ms)
			ResolveRequiredComponents (4ms)
	FinalizeReload (475ms)
		ReleaseScriptCaches (0ms)
		RebuildScriptCaches (0ms)
		SetupLoadedEditorAssemblies (375ms)
			LogAssemblyErrors (0ms)
			InitializePlatformSupportModulesInManaged (5ms)
			SetLoadedEditorAssemblies (4ms)
			RefreshPlugins (0ms)
			BeforeProcessingInitializeOnLoad (42ms)
			ProcessInitializeOnLoadAttributes (270ms)
			ProcessInitializeOnLoadMethodAttributes (49ms)
			AfterProcessingInitializeOnLoad (5ms)
			EditorAssembliesLoaded (0ms)
		ExecutionOrderSort2 (0ms)
		AwakeInstancesAfterBackupRestoration (6ms)
Launched and connected shader compiler UnityShaderCompiler.exe after 0.03 seconds
Refreshing native plugins compatible for Editor in 13.50 ms, found 14 plugins.
Preloading 0 native plugins for Editor in 0.00 ms.
Unloading 3223 Unused Serialized files (Serialized files now loaded: 0)
Unloading 22 unused Assets / (56.5 KB). Loaded Objects now: 3691.
Memory consumption went from 128.7 MB to 128.6 MB.
Total: 3.585600 ms (FindLiveObjects: 0.187700 ms CreateObjectMapping: 0.104500 ms MarkObjects: 3.210700 ms  DeleteObjects: 0.081900 ms)

AssetImportParameters requested are different than current active one (requested -> active):
  custom:container-demuxer-ogg: 62fdf1f143b41e24485cea50d1cbac27 -> 
  custom:video-codec-MediaFoundation-h265: 746d11721c4dcdbdad8f713fa42b33f4 -> 
  custom:video-decoder-ogg-theora: a1e56fd34408186e4bbccfd4996cb3dc -> 
  custom:framework-win-MediaFoundation: 216162199b28c13a410421893ffa2e32 -> 
  custom:CustomObjectIndexerAttribute: 9a22284fe3817be447336de3de66b15e -> 
  custom:container-demuxer-webm: 4f35f7cbe854078d1ac9338744f61a02 -> 
  custom:container-muxer-webm: aa71ff27fc2769a1b78a27578f13a17b -> 
  custom:video-decoder-webm-vp8: 9c59270c3fd7afecdb556c50c9e8de78 -> 
  custom:SearchIndexIgnoredProperties: e643bd26f0fe6173181afceb89e7c659 -> 
  custom:AudioImporter_EditorPlatform: d09bf68614088b80899f8185d706f6e7 -> 
  custom:video-encoder-webm-vp8: eb34c28f22e8b96e1ab97ce403110664 -> 
  custom:audio-decoder-ogg-vorbis: bf7c407c2cedff20999df2af8eb42d56 -> 
  custom:audio-encoder-webm-vorbis: bf7c407c2cedff20999df2af8eb42d56 -> 
========================================================================
Received Import Request.
  Time since last request: 335335.428077 seconds.
  path: Assets/Scripts/Managers/GameManager.cs
  artifactKey: Guid(0820587c64d6ab740ac3608b44b54d17) Importer(815301076,1909f56bfc062723c751e8b465ee728b)
Start importing Assets/Scripts/Managers/GameManager.cs using Guid(0820587c64d6ab740ac3608b44b54d17) Importer(815301076,1909f56bfc062723c751e8b465ee728b) [PhysX] Initialized MultithreadedTaskDispatcher with 20 workers.
 -> (artifact id: 'c274e676854d3fbf79ad603bc60272b3') in 0.002322 seconds
Number of updated asset objects reloaded before import = 0
Number of asset objects unloaded after import = 0
========================================================================
Received Import Request.
  Time since last request: 2.221898 seconds.
  path: Assets/Scripts/Managers/GameManager.cs
  artifactKey: Guid(0820587c64d6ab740ac3608b44b54d17) Importer(815301076,1909f56bfc062723c751e8b465ee728b)
Start importing Assets/Scripts/Managers/GameManager.cs using Guid(0820587c64d6ab740ac3608b44b54d17) Importer(815301076,1909f56bfc062723c751e8b465ee728b) [PhysX] Initialized MultithreadedTaskDispatcher with 20 workers.
 -> (artifact id: 'd344d5bb3270301f22c83f5afc27808f') in 0.000491 seconds
Number of updated asset objects reloaded before import = 0
Number of asset objects unloaded after import = 0
========================================================================
Received Import Request.
  Time since last request: 27.737552 seconds.
  path: Assets/Scripts/Managers/GameManager.cs
  artifactKey: Guid(0820587c64d6ab740ac3608b44b54d17) Importer(815301076,1909f56bfc062723c751e8b465ee728b)
Start importing Assets/Scripts/Managers/GameManager.cs using Guid(0820587c64d6ab740ac3608b44b54d17) Importer(815301076,1909f56bfc062723c751e8b465ee728b) [PhysX] Initialized MultithreadedTaskDispatcher with 20 workers.
 -> (artifact id: '1fdfa26d1c64966b2e18fee82f82c7f5') in 0.000555 seconds
Number of updated asset objects reloaded before import = 0
Number of asset objects unloaded after import = 0
========================================================================
Received Import Request.
  Time since last request: 19.995193 seconds.
  path: Assets/Scripts/Managers/GameManager.cs
  artifactKey: Guid(0820587c64d6ab740ac3608b44b54d17) Importer(815301076,1909f56bfc062723c751e8b465ee728b)
Start importing Assets/Scripts/Managers/GameManager.cs using Guid(0820587c64d6ab740ac3608b44b54d17) Importer(815301076,1909f56bfc062723c751e8b465ee728b) [PhysX] Initialized MultithreadedTaskDispatcher with 20 workers.
 -> (artifact id: 'd0a9e4eb7c441128e6666aff1ee6d7fc') in 0.000428 seconds
Number of updated asset objects reloaded before import = 0
Number of asset objects unloaded after import = 0
========================================================================
Received Import Request.
  Time since last request: 43.352637 seconds.
  path: Assets/Scripts/Managers/GameManager.cs
  artifactKey: Guid(0820587c64d6ab740ac3608b44b54d17) Importer(815301076,1909f56bfc062723c751e8b465ee728b)
Start importing Assets/Scripts/Managers/GameManager.cs using Guid(0820587c64d6ab740ac3608b44b54d17) Importer(815301076,1909f56bfc062723c751e8b465ee728b) [PhysX] Initialized MultithreadedTaskDispatcher with 20 workers.
 -> (artifact id: 'bee80b32070cd82e6711514ec8892988') in 0.000668 seconds
Number of updated asset objects reloaded before import = 0
Number of asset objects unloaded after import = 0
========================================================================
Received Prepare
Caller must complete domain reload
Begin MonoManager ReloadAssembly
- Loaded All Assemblies, in  0.432 seconds
Native extension for WindowsStandalone target not found
Downloading https://github.com/undreamai/LlamaLib/releases/download/v1.2.1/undreamai-v1.2.1-llamacpp-full.zip to C:/Users/Usuario/AppData/Local/Temp/DefaultCompany/TFG Daniel\undreamai-v1.2.1-llamacpp-full.zip...
UnityEngine.StackTraceUtility:ExtractStackTrace ()
UnityEngine.DebugLogHandler:LogFormat (UnityEngine.LogType,UnityEngine.Object,string,object[])
UnityEngine.Logger:Log (UnityEngine.LogType,object)
UnityEngine.Debug:Log (object)
LLMUnity.LLMUnitySetup:Log (string) (at C:/Users/Usuario/Proyectos/TFG Daniel/Assets/LLMUnity/Runtime/LLMUnitySetup.cs:173)
LLMUnity.LLMUnitySetup/<DownloadFile>d__31:MoveNext () (at C:/Users/Usuario/Proyectos/TFG Daniel/Assets/LLMUnity/Runtime/LLMUnitySetup.cs:269)
System.Runtime.CompilerServices.AsyncTaskMethodBuilder:Start<LLMUnity.LLMUnitySetup/<DownloadFile>d__31> (LLMUnity.LLMUnitySetup/<DownloadFile>d__31&)
LLMUnity.LLMUnitySetup:DownloadFile (string,string,bool,LLMUnity.Callback`1<string>,LLMUnity.Callback`1<single>)
LLMUnity.LLMUnitySetup/<DownloadAndExtractInsideDirectory>d__41:MoveNext () (at C:/Users/Usuario/Proyectos/TFG Daniel/Assets/LLMUnity/Runtime/LLMUnitySetup.cs:407)
System.Runtime.CompilerServices.AsyncTaskMethodBuilder:Start<LLMUnity.LLMUnitySetup/<DownloadAndExtractInsideDirectory>d__41> (LLMUnity.LLMUnitySetup/<DownloadAndExtractInsideDirectory>d__41&)
LLMUnity.LLMUnitySetup:DownloadAndExtractInsideDirectory (string,string,string)
LLMUnity.LLMUnitySetup/<DownloadLibrary>d__43:MoveNext () (at C:/Users/Usuario/Proyectos/TFG Daniel/Assets/LLMUnity/Runtime/LLMUnitySetup.cs:459)
System.Runtime.CompilerServices.AsyncTaskMethodBuilder:Start<LLMUnity.LLMUnitySetup/<DownloadLibrary>d__43> (LLMUnity.LLMUnitySetup/<DownloadLibrary>d__43&)
LLMUnity.LLMUnitySetup:DownloadLibrary ()
LLMUnity.LLMUnitySetup/<InitializeOnLoad>d__28:MoveNext () (at C:/Users/Usuario/Proyectos/TFG Daniel/Assets/LLMUnity/Runtime/LLMUnitySetup.cs:237)
System.Runtime.CompilerServices.AsyncTaskMethodBuilder:Start<LLMUnity.LLMUnitySetup/<InitializeOnLoad>d__28> (LLMUnity.LLMUnitySetup/<InitializeOnLoad>d__28&)
LLMUnity.LLMUnitySetup:InitializeOnLoad ()
System.Reflection.RuntimeMethodInfo:Invoke (object,System.Reflection.BindingFlags,System.Reflection.Binder,object[],System.Globalization.CultureInfo)
System.Reflection.MethodBase:Invoke (object,object[])
UnityEditor.EditorAssemblies:ProcessInitializeOnLoadMethodAttributes ()

(Filename: C:/Users/Usuario/Proyectos/TFG Daniel/Assets/LLMUnity/Runtime/LLMUnitySetup.cs Line: 173)

Mono: successfully reloaded assembly
- Finished resetting the current domain, in  0.776 seconds
Domain Reload Profiling: 1207ms
	BeginReloadAssembly (139ms)
		ExecutionOrderSort (0ms)
		DisableScriptedObjects (3ms)
		BackupInstance (0ms)
		ReleaseScriptingObjects (0ms)
		CreateAndSetChildDomain (42ms)
	RebuildCommonClasses (26ms)
	RebuildNativeTypeToScriptingClass (7ms)
	initialDomainReloadingComplete (46ms)
	LoadAllAssembliesAndSetupDomain (213ms)
		LoadAssemblies (264ms)
		RebuildTransferFunctionScriptingTraits (0ms)
		AnalyzeDomain (17ms)
			TypeCache.Refresh (7ms)
				TypeCache.ScanAssembly (1ms)
			ScanForSourceGeneratedMonoScriptInfo (5ms)
			ResolveRequiredComponents (4ms)
	FinalizeReload (776ms)
		ReleaseScriptCaches (0ms)
		RebuildScriptCaches (0ms)
		SetupLoadedEditorAssemblies (447ms)
			LogAssemblyErrors (0ms)
			InitializePlatformSupportModulesInManaged (5ms)
			SetLoadedEditorAssemblies (6ms)
			RefreshPlugins (0ms)
			BeforeProcessingInitializeOnLoad (49ms)
			ProcessInitializeOnLoadAttributes (234ms)
			ProcessInitializeOnLoadMethodAttributes (148ms)
			AfterProcessingInitializeOnLoad (5ms)
			EditorAssembliesLoaded (0ms)
		ExecutionOrderSort2 (0ms)
		AwakeInstancesAfterBackupRestoration (5ms)
Refreshing native plugins compatible for Editor in 10.39 ms, found 14 plugins.
Preloading 0 native plugins for Editor in 0.00 ms.
Unloading 3199 Unused Serialized files (Serialized files now loaded: 0)
Unloading 17 unused Assets / (30.0 KB). Loaded Objects now: 3695.
Memory consumption went from 123.5 MB to 123.4 MB.
Total: 4.337600 ms (FindLiveObjects: 0.211500 ms CreateObjectMapping: 0.126300 ms MarkObjects: 3.919100 ms  DeleteObjects: 0.079100 ms)

Prepare: number of updated asset objects reloaded= 0
AssetImportParameters requested are different than current active one (requested -> active):
  custom:container-demuxer-ogg: 62fdf1f143b41e24485cea50d1cbac27 -> 
  custom:video-codec-MediaFoundation-h265: 746d11721c4dcdbdad8f713fa42b33f4 -> 
  custom:video-decoder-ogg-theora: a1e56fd34408186e4bbccfd4996cb3dc -> 
  custom:framework-win-MediaFoundation: 216162199b28c13a410421893ffa2e32 -> 
  custom:CustomObjectIndexerAttribute: 9a22284fe3817be447336de3de66b15e -> 
  custom:container-demuxer-webm: 4f35f7cbe854078d1ac9338744f61a02 -> 
  custom:container-muxer-webm: aa71ff27fc2769a1b78a27578f13a17b -> 
  custom:video-decoder-webm-vp8: 9c59270c3fd7afecdb556c50c9e8de78 -> 
  custom:SearchIndexIgnoredProperties: e643bd26f0fe6173181afceb89e7c659 -> 
  custom:AudioImporter_EditorPlatform: d09bf68614088b80899f8185d706f6e7 -> 
  custom:video-encoder-webm-vp8: eb34c28f22e8b96e1ab97ce403110664 -> 
  custom:audio-decoder-ogg-vorbis: bf7c407c2cedff20999df2af8eb42d56 -> 
  custom:audio-encoder-webm-vorbis: bf7c407c2cedff20999df2af8eb42d56 -> 
========================================================================
Received Prepare
Caller must complete domain reload
Begin MonoManager ReloadAssembly
- Loaded All Assemblies, in  0.373 seconds
Native extension for WindowsStandalone target not found
Downloading https://github.com/undreamai/LlamaLib/releases/download/v1.2.1/undreamai-v1.2.1-llamacpp-full.zip to C:/Users/Usuario/AppData/Local/Temp/DefaultCompany/TFG Daniel\undreamai-v1.2.1-llamacpp-full.zip...
UnityEngine.StackTraceUtility:ExtractStackTrace ()
UnityEngine.DebugLogHandler:LogFormat (UnityEngine.LogType,UnityEngine.Object,string,object[])
UnityEngine.Logger:Log (UnityEngine.LogType,object)
UnityEngine.Debug:Log (object)
LLMUnity.LLMUnitySetup:Log (string) (at C:/Users/Usuario/Proyectos/TFG Daniel/Assets/LLMUnity/Runtime/LLMUnitySetup.cs:173)
LLMUnity.LLMUnitySetup/<DownloadFile>d__31:MoveNext () (at C:/Users/Usuario/Proyectos/TFG Daniel/Assets/LLMUnity/Runtime/LLMUnitySetup.cs:269)
System.Runtime.CompilerServices.AsyncTaskMethodBuilder:Start<LLMUnity.LLMUnitySetup/<DownloadFile>d__31> (LLMUnity.LLMUnitySetup/<DownloadFile>d__31&)
LLMUnity.LLMUnitySetup:DownloadFile (string,string,bool,LLMUnity.Callback`1<string>,LLMUnity.Callback`1<single>)
LLMUnity.LLMUnitySetup/<DownloadAndExtractInsideDirectory>d__41:MoveNext () (at C:/Users/Usuario/Proyectos/TFG Daniel/Assets/LLMUnity/Runtime/LLMUnitySetup.cs:407)
System.Runtime.CompilerServices.AsyncTaskMethodBuilder:Start<LLMUnity.LLMUnitySetup/<DownloadAndExtractInsideDirectory>d__41> (LLMUnity.LLMUnitySetup/<DownloadAndExtractInsideDirectory>d__41&)
LLMUnity.LLMUnitySetup:DownloadAndExtractInsideDirectory (string,string,string)
LLMUnity.LLMUnitySetup/<DownloadLibrary>d__43:MoveNext () (at C:/Users/Usuario/Proyectos/TFG Daniel/Assets/LLMUnity/Runtime/LLMUnitySetup.cs:459)
System.Runtime.CompilerServices.AsyncTaskMethodBuilder:Start<LLMUnity.LLMUnitySetup/<DownloadLibrary>d__43> (LLMUnity.LLMUnitySetup/<DownloadLibrary>d__43&)
LLMUnity.LLMUnitySetup:DownloadLibrary ()
LLMUnity.LLMUnitySetup/<InitializeOnLoad>d__28:MoveNext () (at C:/Users/Usuario/Proyectos/TFG Daniel/Assets/LLMUnity/Runtime/LLMUnitySetup.cs:237)
System.Runtime.CompilerServices.AsyncTaskMethodBuilder:Start<LLMUnity.LLMUnitySetup/<InitializeOnLoad>d__28> (LLMUnity.LLMUnitySetup/<InitializeOnLoad>d__28&)
LLMUnity.LLMUnitySetup:InitializeOnLoad ()
System.Reflection.RuntimeMethodInfo:Invoke (object,System.Reflection.BindingFlags,System.Reflection.Binder,object[],System.Globalization.CultureInfo)
System.Reflection.MethodBase:Invoke (object,object[])
UnityEditor.EditorAssemblies:ProcessInitializeOnLoadMethodAttributes ()

(Filename: C:/Users/Usuario/Proyectos/TFG Daniel/Assets/LLMUnity/Runtime/LLMUnitySetup.cs Line: 173)

Mono: successfully reloaded assembly
- Finished resetting the current domain, in  0.673 seconds
Domain Reload Profiling: 1045ms
	BeginReloadAssembly (111ms)
		ExecutionOrderSort (0ms)
		DisableScriptedObjects (3ms)
		BackupInstance (0ms)
		ReleaseScriptingObjects (0ms)
		CreateAndSetChildDomain (26ms)
	RebuildCommonClasses (22ms)
	RebuildNativeTypeToScriptingClass (7ms)
	initialDomainReloadingComplete (42ms)
	LoadAllAssembliesAndSetupDomain (189ms)
		LoadAssemblies (238ms)
		RebuildTransferFunctionScriptingTraits (0ms)
		AnalyzeDomain (10ms)
			TypeCache.Refresh (4ms)
				TypeCache.ScanAssembly (0ms)
			ScanForSourceGeneratedMonoScriptInfo (0ms)
			ResolveRequiredComponents (5ms)
	FinalizeReload (674ms)
		ReleaseScriptCaches (0ms)
		RebuildScriptCaches (0ms)
		SetupLoadedEditorAssemblies (360ms)
			LogAssemblyErrors (0ms)
			InitializePlatformSupportModulesInManaged (5ms)
			SetLoadedEditorAssemblies (2ms)
			RefreshPlugins (0ms)
			BeforeProcessingInitializeOnLoad (40ms)
			ProcessInitializeOnLoadAttributes (253ms)
			ProcessInitializeOnLoadMethodAttributes (55ms)
			AfterProcessingInitializeOnLoad (5ms)
			EditorAssembliesLoaded (0ms)
		ExecutionOrderSort2 (0ms)
		AwakeInstancesAfterBackupRestoration (5ms)
Refreshing native plugins compatible for Editor in 11.14 ms, found 14 plugins.
Preloading 0 native plugins for Editor in 0.00 ms.
Unloading 3200 Unused Serialized files (Serialized files now loaded: 0)
Unloading 17 unused Assets / (30.0 KB). Loaded Objects now: 3699.
Memory consumption went from 123.7 MB to 123.7 MB.
Total: 4.844200 ms (FindLiveObjects: 0.255800 ms CreateObjectMapping: 0.159900 ms MarkObjects: 4.357500 ms  DeleteObjects: 0.069800 ms)

Prepare: number of updated asset objects reloaded= 0
AssetImportParameters requested are different than current active one (requested -> active):
  custom:container-demuxer-ogg: 62fdf1f143b41e24485cea50d1cbac27 -> 
  custom:video-codec-MediaFoundation-h265: 746d11721c4dcdbdad8f713fa42b33f4 -> 
  custom:video-decoder-ogg-theora: a1e56fd34408186e4bbccfd4996cb3dc -> 
  custom:framework-win-MediaFoundation: 216162199b28c13a410421893ffa2e32 -> 
  custom:CustomObjectIndexerAttribute: 9a22284fe3817be447336de3de66b15e -> 
  custom:container-demuxer-webm: 4f35f7cbe854078d1ac9338744f61a02 -> 
  custom:container-muxer-webm: aa71ff27fc2769a1b78a27578f13a17b -> 
  custom:video-decoder-webm-vp8: 9c59270c3fd7afecdb556c50c9e8de78 -> 
  custom:SearchIndexIgnoredProperties: e643bd26f0fe6173181afceb89e7c659 -> 
  custom:AudioImporter_EditorPlatform: d09bf68614088b80899f8185d706f6e7 -> 
  custom:video-encoder-webm-vp8: eb34c28f22e8b96e1ab97ce403110664 -> 
  custom:audio-decoder-ogg-vorbis: bf7c407c2cedff20999df2af8eb42d56 -> 
  custom:audio-encoder-webm-vorbis: bf7c407c2cedff20999df2af8eb42d56 -> 
========================================================================
Received Prepare
Caller must complete domain reload
Begin MonoManager ReloadAssembly
- Loaded All Assemblies, in  0.407 seconds
Native extension for WindowsStandalone target not found
Downloading https://github.com/undreamai/LlamaLib/releases/download/v1.2.1/undreamai-v1.2.1-llamacpp-full.zip to C:/Users/Usuario/AppData/Local/Temp/DefaultCompany/TFG Daniel\undreamai-v1.2.1-llamacpp-full.zip...
UnityEngine.StackTraceUtility:ExtractStackTrace ()
UnityEngine.DebugLogHandler:LogFormat (UnityEngine.LogType,UnityEngine.Object,string,object[])
UnityEngine.Logger:Log (UnityEngine.LogType,object)
UnityEngine.Debug:Log (object)
LLMUnity.LLMUnitySetup:Log (string) (at C:/Users/Usuario/Proyectos/TFG Daniel/Assets/LLMUnity/Runtime/LLMUnitySetup.cs:173)
LLMUnity.LLMUnitySetup/<DownloadFile>d__31:MoveNext () (at C:/Users/Usuario/Proyectos/TFG Daniel/Assets/LLMUnity/Runtime/LLMUnitySetup.cs:269)
System.Runtime.CompilerServices.AsyncTaskMethodBuilder:Start<LLMUnity.LLMUnitySetup/<DownloadFile>d__31> (LLMUnity.LLMUnitySetup/<DownloadFile>d__31&)
LLMUnity.LLMUnitySetup:DownloadFile (string,string,bool,LLMUnity.Callback`1<string>,LLMUnity.Callback`1<single>)
LLMUnity.LLMUnitySetup/<DownloadAndExtractInsideDirectory>d__41:MoveNext () (at C:/Users/Usuario/Proyectos/TFG Daniel/Assets/LLMUnity/Runtime/LLMUnitySetup.cs:407)
System.Runtime.CompilerServices.AsyncTaskMethodBuilder:Start<LLMUnity.LLMUnitySetup/<DownloadAndExtractInsideDirectory>d__41> (LLMUnity.LLMUnitySetup/<DownloadAndExtractInsideDirectory>d__41&)
LLMUnity.LLMUnitySetup:DownloadAndExtractInsideDirectory (string,string,string)
LLMUnity.LLMUnitySetup/<DownloadLibrary>d__43:MoveNext () (at C:/Users/Usuario/Proyectos/TFG Daniel/Assets/LLMUnity/Runtime/LLMUnitySetup.cs:459)
System.Runtime.CompilerServices.AsyncTaskMethodBuilder:Start<LLMUnity.LLMUnitySetup/<DownloadLibrary>d__43> (LLMUnity.LLMUnitySetup/<DownloadLibrary>d__43&)
LLMUnity.LLMUnitySetup:DownloadLibrary ()
LLMUnity.LLMUnitySetup/<InitializeOnLoad>d__28:MoveNext () (at C:/Users/Usuario/Proyectos/TFG Daniel/Assets/LLMUnity/Runtime/LLMUnitySetup.cs:237)
System.Runtime.CompilerServices.AsyncTaskMethodBuilder:Start<LLMUnity.LLMUnitySetup/<InitializeOnLoad>d__28> (LLMUnity.LLMUnitySetup/<InitializeOnLoad>d__28&)
LLMUnity.LLMUnitySetup:InitializeOnLoad ()
System.Reflection.RuntimeMethodInfo:Invoke (object,System.Reflection.BindingFlags,System.Reflection.Binder,object[],System.Globalization.CultureInfo)
System.Reflection.MethodBase:Invoke (object,object[])
UnityEditor.EditorAssemblies:ProcessInitializeOnLoadMethodAttributes ()

(Filename: C:/Users/Usuario/Proyectos/TFG Daniel/Assets/LLMUnity/Runtime/LLMUnitySetup.cs Line: 173)

Mono: successfully reloaded assembly
- Finished resetting the current domain, in  0.717 seconds
Domain Reload Profiling: 1123ms
	BeginReloadAssembly (134ms)
		ExecutionOrderSort (0ms)
		DisableScriptedObjects (4ms)
		BackupInstance (0ms)
		ReleaseScriptingObjects (0ms)
		CreateAndSetChildDomain (49ms)
	RebuildCommonClasses (22ms)
	RebuildNativeTypeToScriptingClass (8ms)
	initialDomainReloadingComplete (40ms)
	LoadAllAssembliesAndSetupDomain (201ms)
		LoadAssemblies (247ms)
		RebuildTransferFunctionScriptingTraits (0ms)
		AnalyzeDomain (10ms)
			TypeCache.Refresh (4ms)
				TypeCache.ScanAssembly (0ms)
			ScanForSourceGeneratedMonoScriptInfo (0ms)
			ResolveRequiredComponents (4ms)
	FinalizeReload (717ms)
		ReleaseScriptCaches (0ms)
		RebuildScriptCaches (0ms)
		SetupLoadedEditorAssemblies (412ms)
			LogAssemblyErrors (0ms)
			InitializePlatformSupportModulesInManaged (4ms)
			SetLoadedEditorAssemblies (2ms)
			RefreshPlugins (0ms)
			BeforeProcessingInitializeOnLoad (37ms)
			ProcessInitializeOnLoadAttributes (228ms)
			ProcessInitializeOnLoadMethodAttributes (134ms)
			AfterProcessingInitializeOnLoad (5ms)
			EditorAssembliesLoaded (0ms)
		ExecutionOrderSort2 (0ms)
		AwakeInstancesAfterBackupRestoration (5ms)
Refreshing native plugins compatible for Editor in 18.86 ms, found 14 plugins.
Preloading 0 native plugins for Editor in 0.00 ms.
Unloading 3200 Unused Serialized files (Serialized files now loaded: 0)
Unloading 17 unused Assets / (30.1 KB). Loaded Objects now: 3703.
Memory consumption went from 123.8 MB to 123.7 MB.
Total: 5.041800 ms (FindLiveObjects: 0.261100 ms CreateObjectMapping: 0.174200 ms MarkObjects: 4.547200 ms  DeleteObjects: 0.057700 ms)

Prepare: number of updated asset objects reloaded= 0
AssetImportParameters requested are different than current active one (requested -> active):
  custom:container-demuxer-ogg: 62fdf1f143b41e24485cea50d1cbac27 -> 
  custom:video-codec-MediaFoundation-h265: 746d11721c4dcdbdad8f713fa42b33f4 -> 
  custom:video-decoder-ogg-theora: a1e56fd34408186e4bbccfd4996cb3dc -> 
  custom:framework-win-MediaFoundation: 216162199b28c13a410421893ffa2e32 -> 
  custom:CustomObjectIndexerAttribute: 9a22284fe3817be447336de3de66b15e -> 
  custom:container-demuxer-webm: 4f35f7cbe854078d1ac9338744f61a02 -> 
  custom:container-muxer-webm: aa71ff27fc2769a1b78a27578f13a17b -> 
  custom:video-decoder-webm-vp8: 9c59270c3fd7afecdb556c50c9e8de78 -> 
  custom:SearchIndexIgnoredProperties: e643bd26f0fe6173181afceb89e7c659 -> 
  custom:AudioImporter_EditorPlatform: d09bf68614088b80899f8185d706f6e7 -> 
  custom:video-encoder-webm-vp8: eb34c28f22e8b96e1ab97ce403110664 -> 
  custom:audio-decoder-ogg-vorbis: bf7c407c2cedff20999df2af8eb42d56 -> 
  custom:audio-encoder-webm-vorbis: bf7c407c2cedff20999df2af8eb42d56 -> 
========================================================================
Received Prepare
Caller must complete domain reload
Begin MonoManager ReloadAssembly
- Loaded All Assemblies, in  0.715 seconds
Native extension for WindowsStandalone target not found
Downloading https://github.com/undreamai/LlamaLib/releases/download/v1.2.1/undreamai-v1.2.1-llamacpp-full.zip to C:/Users/Usuario/AppData/Local/Temp/DefaultCompany/TFG Daniel\undreamai-v1.2.1-llamacpp-full.zip...
UnityEngine.StackTraceUtility:ExtractStackTrace ()
UnityEngine.DebugLogHandler:LogFormat (UnityEngine.LogType,UnityEngine.Object,string,object[])
UnityEngine.Logger:Log (UnityEngine.LogType,object)
UnityEngine.Debug:Log (object)
LLMUnity.LLMUnitySetup:Log (string) (at C:/Users/Usuario/Proyectos/TFG Daniel/Assets/LLMUnity/Runtime/LLMUnitySetup.cs:173)
LLMUnity.LLMUnitySetup/<DownloadFile>d__31:MoveNext () (at C:/Users/Usuario/Proyectos/TFG Daniel/Assets/LLMUnity/Runtime/LLMUnitySetup.cs:269)
System.Runtime.CompilerServices.AsyncTaskMethodBuilder:Start<LLMUnity.LLMUnitySetup/<DownloadFile>d__31> (LLMUnity.LLMUnitySetup/<DownloadFile>d__31&)
LLMUnity.LLMUnitySetup:DownloadFile (string,string,bool,LLMUnity.Callback`1<string>,LLMUnity.Callback`1<single>)
LLMUnity.LLMUnitySetup/<DownloadAndExtractInsideDirectory>d__41:MoveNext () (at C:/Users/Usuario/Proyectos/TFG Daniel/Assets/LLMUnity/Runtime/LLMUnitySetup.cs:407)
System.Runtime.CompilerServices.AsyncTaskMethodBuilder:Start<LLMUnity.LLMUnitySetup/<DownloadAndExtractInsideDirectory>d__41> (LLMUnity.LLMUnitySetup/<DownloadAndExtractInsideDirectory>d__41&)
LLMUnity.LLMUnitySetup:DownloadAndExtractInsideDirectory (string,string,string)
LLMUnity.LLMUnitySetup/<DownloadLibrary>d__43:MoveNext () (at C:/Users/Usuario/Proyectos/TFG Daniel/Assets/LLMUnity/Runtime/LLMUnitySetup.cs:459)
System.Runtime.CompilerServices.AsyncTaskMethodBuilder:Start<LLMUnity.LLMUnitySetup/<DownloadLibrary>d__43> (LLMUnity.LLMUnitySetup/<DownloadLibrary>d__43&)
LLMUnity.LLMUnitySetup:DownloadLibrary ()
LLMUnity.LLMUnitySetup/<InitializeOnLoad>d__28:MoveNext () (at C:/Users/Usuario/Proyectos/TFG Daniel/Assets/LLMUnity/Runtime/LLMUnitySetup.cs:237)
System.Runtime.CompilerServices.AsyncTaskMethodBuilder:Start<LLMUnity.LLMUnitySetup/<InitializeOnLoad>d__28> (LLMUnity.LLMUnitySetup/<InitializeOnLoad>d__28&)
LLMUnity.LLMUnitySetup:InitializeOnLoad ()
System.Reflection.RuntimeMethodInfo:Invoke (object,System.Reflection.BindingFlags,System.Reflection.Binder,object[],System.Globalization.CultureInfo)
System.Reflection.MethodBase:Invoke (object,object[])
UnityEditor.EditorAssemblies:ProcessInitializeOnLoadMethodAttributes ()

(Filename: C:/Users/Usuario/Proyectos/TFG Daniel/Assets/LLMUnity/Runtime/LLMUnitySetup.cs Line: 173)

Mono: successfully reloaded assembly
- Finished resetting the current domain, in  1.534 seconds
Domain Reload Profiling: 2246ms
	BeginReloadAssembly (217ms)
		ExecutionOrderSort (0ms)
		DisableScriptedObjects (6ms)
		BackupInstance (0ms)
		ReleaseScriptingObjects (0ms)
		CreateAndSetChildDomain (62ms)
	RebuildCommonClasses (42ms)
	RebuildNativeTypeToScriptingClass (15ms)
	initialDomainReloadingComplete (78ms)
	LoadAllAssembliesAndSetupDomain (360ms)
		LoadAssemblies (441ms)
		RebuildTransferFunctionScriptingTraits (0ms)
		AnalyzeDomain (31ms)
			TypeCache.Refresh (11ms)
				TypeCache.ScanAssembly (2ms)
			ScanForSourceGeneratedMonoScriptInfo (9ms)
			ResolveRequiredComponents (9ms)
	FinalizeReload (1534ms)
		ReleaseScriptCaches (0ms)
		RebuildScriptCaches (0ms)
		SetupLoadedEditorAssemblies (813ms)
			LogAssemblyErrors (0ms)
			InitializePlatformSupportModulesInManaged (14ms)
			SetLoadedEditorAssemblies (9ms)
			RefreshPlugins (0ms)
			BeforeProcessingInitializeOnLoad (90ms)
			ProcessInitializeOnLoadAttributes (426ms)
			ProcessInitializeOnLoadMethodAttributes (261ms)
			AfterProcessingInitializeOnLoad (12ms)
			EditorAssembliesLoaded (0ms)
		ExecutionOrderSort2 (0ms)
		AwakeInstancesAfterBackupRestoration (9ms)
Refreshing native plugins compatible for Editor in 16.56 ms, found 14 plugins.
Preloading 0 native plugins for Editor in 0.00 ms.
Unloading 3200 Unused Serialized files (Serialized files now loaded: 0)
Unloading 17 unused Assets / (30.0 KB). Loaded Objects now: 3707.
Memory consumption went from 123.8 MB to 123.7 MB.
Total: 4.826400 ms (FindLiveObjects: 0.428800 ms CreateObjectMapping: 0.129900 ms MarkObjects: 4.215500 ms  DeleteObjects: 0.051000 ms)

Prepare: number of updated asset objects reloaded= 0
AssetImportParameters requested are different than current active one (requested -> active):
  custom:container-demuxer-ogg: 62fdf1f143b41e24485cea50d1cbac27 -> 
  custom:video-codec-MediaFoundation-h265: 746d11721c4dcdbdad8f713fa42b33f4 -> 
  custom:video-decoder-ogg-theora: a1e56fd34408186e4bbccfd4996cb3dc -> 
  custom:framework-win-MediaFoundation: 216162199b28c13a410421893ffa2e32 -> 
  custom:CustomObjectIndexerAttribute: 9a22284fe3817be447336de3de66b15e -> 
  custom:container-demuxer-webm: 4f35f7cbe854078d1ac9338744f61a02 -> 
  custom:container-muxer-webm: aa71ff27fc2769a1b78a27578f13a17b -> 
  custom:video-decoder-webm-vp8: 9c59270c3fd7afecdb556c50c9e8de78 -> 
  custom:SearchIndexIgnoredProperties: e643bd26f0fe6173181afceb89e7c659 -> 
  custom:AudioImporter_EditorPlatform: d09bf68614088b80899f8185d706f6e7 -> 
  custom:video-encoder-webm-vp8: eb34c28f22e8b96e1ab97ce403110664 -> 
  custom:audio-decoder-ogg-vorbis: bf7c407c2cedff20999df2af8eb42d56 -> 
  custom:audio-encoder-webm-vorbis: bf7c407c2cedff20999df2af8eb42d56 -> 
========================================================================
Received Prepare
Caller must complete domain reload
Begin MonoManager ReloadAssembly
- Loaded All Assemblies, in  0.373 seconds
Native extension for WindowsStandalone target not found
Downloading https://github.com/undreamai/LlamaLib/releases/download/v1.2.1/undreamai-v1.2.1-llamacpp-full.zip to C:/Users/Usuario/AppData/Local/Temp/DefaultCompany/TFG Daniel\undreamai-v1.2.1-llamacpp-full.zip...
UnityEngine.StackTraceUtility:ExtractStackTrace ()
UnityEngine.DebugLogHandler:LogFormat (UnityEngine.LogType,UnityEngine.Object,string,object[])
UnityEngine.Logger:Log (UnityEngine.LogType,object)
UnityEngine.Debug:Log (object)
LLMUnity.LLMUnitySetup:Log (string) (at C:/Users/Usuario/Proyectos/TFG Daniel/Assets/LLMUnity/Runtime/LLMUnitySetup.cs:173)
LLMUnity.LLMUnitySetup/<DownloadFile>d__31:MoveNext () (at C:/Users/Usuario/Proyectos/TFG Daniel/Assets/LLMUnity/Runtime/LLMUnitySetup.cs:269)
System.Runtime.CompilerServices.AsyncTaskMethodBuilder:Start<LLMUnity.LLMUnitySetup/<DownloadFile>d__31> (LLMUnity.LLMUnitySetup/<DownloadFile>d__31&)
LLMUnity.LLMUnitySetup:DownloadFile (string,string,bool,LLMUnity.Callback`1<string>,LLMUnity.Callback`1<single>)
LLMUnity.LLMUnitySetup/<DownloadAndExtractInsideDirectory>d__41:MoveNext () (at C:/Users/Usuario/Proyectos/TFG Daniel/Assets/LLMUnity/Runtime/LLMUnitySetup.cs:407)
System.Runtime.CompilerServices.AsyncTaskMethodBuilder:Start<LLMUnity.LLMUnitySetup/<DownloadAndExtractInsideDirectory>d__41> (LLMUnity.LLMUnitySetup/<DownloadAndExtractInsideDirectory>d__41&)
LLMUnity.LLMUnitySetup:DownloadAndExtractInsideDirectory (string,string,string)
LLMUnity.LLMUnitySetup/<DownloadLibrary>d__43:MoveNext () (at C:/Users/Usuario/Proyectos/TFG Daniel/Assets/LLMUnity/Runtime/LLMUnitySetup.cs:459)
System.Runtime.CompilerServices.AsyncTaskMethodBuilder:Start<LLMUnity.LLMUnitySetup/<DownloadLibrary>d__43> (LLMUnity.LLMUnitySetup/<DownloadLibrary>d__43&)
LLMUnity.LLMUnitySetup:DownloadLibrary ()
LLMUnity.LLMUnitySetup/<InitializeOnLoad>d__28:MoveNext () (at C:/Users/Usuario/Proyectos/TFG Daniel/Assets/LLMUnity/Runtime/LLMUnitySetup.cs:237)
System.Runtime.CompilerServices.AsyncTaskMethodBuilder:Start<LLMUnity.LLMUnitySetup/<InitializeOnLoad>d__28> (LLMUnity.LLMUnitySetup/<InitializeOnLoad>d__28&)
LLMUnity.LLMUnitySetup:InitializeOnLoad ()
System.Reflection.RuntimeMethodInfo:Invoke (object,System.Reflection.BindingFlags,System.Reflection.Binder,object[],System.Globalization.CultureInfo)
System.Reflection.MethodBase:Invoke (object,object[])
UnityEditor.EditorAssemblies:ProcessInitializeOnLoadMethodAttributes ()

(Filename: C:/Users/Usuario/Proyectos/TFG Daniel/Assets/LLMUnity/Runtime/LLMUnitySetup.cs Line: 173)

Mono: successfully reloaded assembly
- Finished resetting the current domain, in  0.723 seconds
Domain Reload Profiling: 1095ms
	BeginReloadAssembly (115ms)
		ExecutionOrderSort (0ms)
		DisableScriptedObjects (3ms)
		BackupInstance (0ms)
		ReleaseScriptingObjects (0ms)
		CreateAndSetChildDomain (26ms)
	RebuildCommonClasses (23ms)
	RebuildNativeTypeToScriptingClass (7ms)
	initialDomainReloadingComplete (42ms)
	LoadAllAssembliesAndSetupDomain (185ms)
		LoadAssemblies (236ms)
		RebuildTransferFunctionScriptingTraits (0ms)
		AnalyzeDomain (10ms)
			TypeCache.Refresh (4ms)
				TypeCache.ScanAssembly (0ms)
			ScanForSourceGeneratedMonoScriptInfo (0ms)
			ResolveRequiredComponents (4ms)
	FinalizeReload (723ms)
		ReleaseScriptCaches (0ms)
		RebuildScriptCaches (0ms)
		SetupLoadedEditorAssemblies (392ms)
			LogAssemblyErrors (0ms)
			InitializePlatformSupportModulesInManaged (5ms)
			SetLoadedEditorAssemblies (4ms)
			RefreshPlugins (0ms)
			BeforeProcessingInitializeOnLoad (54ms)
			ProcessInitializeOnLoadAttributes (271ms)
			ProcessInitializeOnLoadMethodAttributes (52ms)
			AfterProcessingInitializeOnLoad (5ms)
			EditorAssembliesLoaded (0ms)
		ExecutionOrderSort2 (0ms)
		AwakeInstancesAfterBackupRestoration (5ms)
Refreshing native plugins compatible for Editor in 14.76 ms, found 14 plugins.
Preloading 0 native plugins for Editor in 0.00 ms.
Unloading 3200 Unused Serialized files (Serialized files now loaded: 0)
Unloading 17 unused Assets / (30.1 KB). Loaded Objects now: 3711.
Memory consumption went from 123.8 MB to 123.8 MB.
Total: 4.634400 ms (FindLiveObjects: 0.269800 ms CreateObjectMapping: 0.169400 ms MarkObjects: 4.134200 ms  DeleteObjects: 0.059500 ms)

Prepare: number of updated asset objects reloaded= 0
AssetImportParameters requested are different than current active one (requested -> active):
  custom:container-demuxer-ogg: 62fdf1f143b41e24485cea50d1cbac27 -> 
  custom:video-codec-MediaFoundation-h265: 746d11721c4dcdbdad8f713fa42b33f4 -> 
  custom:video-decoder-ogg-theora: a1e56fd34408186e4bbccfd4996cb3dc -> 
  custom:framework-win-MediaFoundation: 216162199b28c13a410421893ffa2e32 -> 
  custom:CustomObjectIndexerAttribute: 9a22284fe3817be447336de3de66b15e -> 
  custom:container-demuxer-webm: 4f35f7cbe854078d1ac9338744f61a02 -> 
  custom:container-muxer-webm: aa71ff27fc2769a1b78a27578f13a17b -> 
  custom:video-decoder-webm-vp8: 9c59270c3fd7afecdb556c50c9e8de78 -> 
  custom:SearchIndexIgnoredProperties: e643bd26f0fe6173181afceb89e7c659 -> 
  custom:AudioImporter_EditorPlatform: d09bf68614088b80899f8185d706f6e7 -> 
  custom:video-encoder-webm-vp8: eb34c28f22e8b96e1ab97ce403110664 -> 
  custom:audio-decoder-ogg-vorbis: bf7c407c2cedff20999df2af8eb42d56 -> 
  custom:audio-encoder-webm-vorbis: bf7c407c2cedff20999df2af8eb42d56 -> 
========================================================================
Received Prepare
Caller must complete domain reload
Begin MonoManager ReloadAssembly
- Loaded All Assemblies, in  0.423 seconds
Native extension for WindowsStandalone target not found
Downloading https://github.com/undreamai/LlamaLib/releases/download/v1.2.1/undreamai-v1.2.1-llamacpp-full.zip to C:/Users/Usuario/AppData/Local/Temp/DefaultCompany/TFG Daniel\undreamai-v1.2.1-llamacpp-full.zip...
UnityEngine.StackTraceUtility:ExtractStackTrace ()
UnityEngine.DebugLogHandler:LogFormat (UnityEngine.LogType,UnityEngine.Object,string,object[])
UnityEngine.Logger:Log (UnityEngine.LogType,object)
UnityEngine.Debug:Log (object)
LLMUnity.LLMUnitySetup:Log (string) (at C:/Users/Usuario/Proyectos/TFG Daniel/Assets/LLMUnity/Runtime/LLMUnitySetup.cs:173)
LLMUnity.LLMUnitySetup/<DownloadFile>d__31:MoveNext () (at C:/Users/Usuario/Proyectos/TFG Daniel/Assets/LLMUnity/Runtime/LLMUnitySetup.cs:269)
System.Runtime.CompilerServices.AsyncTaskMethodBuilder:Start<LLMUnity.LLMUnitySetup/<DownloadFile>d__31> (LLMUnity.LLMUnitySetup/<DownloadFile>d__31&)
LLMUnity.LLMUnitySetup:DownloadFile (string,string,bool,LLMUnity.Callback`1<string>,LLMUnity.Callback`1<single>)
LLMUnity.LLMUnitySetup/<DownloadAndExtractInsideDirectory>d__41:MoveNext () (at C:/Users/Usuario/Proyectos/TFG Daniel/Assets/LLMUnity/Runtime/LLMUnitySetup.cs:407)
System.Runtime.CompilerServices.AsyncTaskMethodBuilder:Start<LLMUnity.LLMUnitySetup/<DownloadAndExtractInsideDirectory>d__41> (LLMUnity.LLMUnitySetup/<DownloadAndExtractInsideDirectory>d__41&)
LLMUnity.LLMUnitySetup:DownloadAndExtractInsideDirectory (string,string,string)
LLMUnity.LLMUnitySetup/<DownloadLibrary>d__43:MoveNext () (at C:/Users/Usuario/Proyectos/TFG Daniel/Assets/LLMUnity/Runtime/LLMUnitySetup.cs:459)
System.Runtime.CompilerServices.AsyncTaskMethodBuilder:Start<LLMUnity.LLMUnitySetup/<DownloadLibrary>d__43> (LLMUnity.LLMUnitySetup/<DownloadLibrary>d__43&)
LLMUnity.LLMUnitySetup:DownloadLibrary ()
LLMUnity.LLMUnitySetup/<InitializeOnLoad>d__28:MoveNext () (at C:/Users/Usuario/Proyectos/TFG Daniel/Assets/LLMUnity/Runtime/LLMUnitySetup.cs:237)
System.Runtime.CompilerServices.AsyncTaskMethodBuilder:Start<LLMUnity.LLMUnitySetup/<InitializeOnLoad>d__28> (LLMUnity.LLMUnitySetup/<InitializeOnLoad>d__28&)
LLMUnity.LLMUnitySetup:InitializeOnLoad ()
System.Reflection.RuntimeMethodInfo:Invoke (object,System.Reflection.BindingFlags,System.Reflection.Binder,object[],System.Globalization.CultureInfo)
System.Reflection.MethodBase:Invoke (object,object[])
UnityEditor.EditorAssemblies:ProcessInitializeOnLoadMethodAttributes ()

(Filename: C:/Users/Usuario/Proyectos/TFG Daniel/Assets/LLMUnity/Runtime/LLMUnitySetup.cs Line: 173)

Mono: successfully reloaded assembly
- Finished resetting the current domain, in  0.847 seconds
Domain Reload Profiling: 1269ms
	BeginReloadAssembly (149ms)
		ExecutionOrderSort (0ms)
		DisableScriptedObjects (3ms)
		BackupInstance (0ms)
		ReleaseScriptingObjects (0ms)
		CreateAndSetChildDomain (64ms)
	RebuildCommonClasses (23ms)
	RebuildNativeTypeToScriptingClass (7ms)
	initialDomainReloadingComplete (41ms)
	LoadAllAssembliesAndSetupDomain (202ms)
		LoadAssemblies (249ms)
		RebuildTransferFunctionScriptingTraits (0ms)
		AnalyzeDomain (11ms)
			TypeCache.Refresh (4ms)
				TypeCache.ScanAssembly (0ms)
			ScanForSourceGeneratedMonoScriptInfo (0ms)
			ResolveRequiredComponents (5ms)
	FinalizeReload (848ms)
		ReleaseScriptCaches (0ms)
		RebuildScriptCaches (0ms)
		SetupLoadedEditorAssemblies (545ms)
			LogAssemblyErrors (0ms)
			InitializePlatformSupportModulesInManaged (5ms)
			SetLoadedEditorAssemblies (2ms)
			RefreshPlugins (0ms)
			BeforeProcessingInitializeOnLoad (40ms)
			ProcessInitializeOnLoadAttributes (245ms)
			ProcessInitializeOnLoadMethodAttributes (247ms)
			AfterProcessingInitializeOnLoad (6ms)
			EditorAssembliesLoaded (0ms)
		ExecutionOrderSort2 (0ms)
		AwakeInstancesAfterBackupRestoration (5ms)
Refreshing native plugins compatible for Editor in 12.36 ms, found 14 plugins.
Preloading 0 native plugins for Editor in 0.00 ms.
Unloading 3200 Unused Serialized files (Serialized files now loaded: 0)
Unloading 17 unused Assets / (30.0 KB). Loaded Objects now: 3715.
Memory consumption went from 123.8 MB to 123.8 MB.
Total: 5.676900 ms (FindLiveObjects: 0.266200 ms CreateObjectMapping: 0.166100 ms MarkObjects: 5.155900 ms  DeleteObjects: 0.087200 ms)

Prepare: number of updated asset objects reloaded= 0
AssetImportParameters requested are different than current active one (requested -> active):
  custom:container-demuxer-ogg: 62fdf1f143b41e24485cea50d1cbac27 -> 
  custom:video-codec-MediaFoundation-h265: 746d11721c4dcdbdad8f713fa42b33f4 -> 
  custom:video-decoder-ogg-theora: a1e56fd34408186e4bbccfd4996cb3dc -> 
  custom:framework-win-MediaFoundation: 216162199b28c13a410421893ffa2e32 -> 
  custom:CustomObjectIndexerAttribute: 9a22284fe3817be447336de3de66b15e -> 
  custom:container-demuxer-webm: 4f35f7cbe854078d1ac9338744f61a02 -> 
  custom:container-muxer-webm: aa71ff27fc2769a1b78a27578f13a17b -> 
  custom:video-decoder-webm-vp8: 9c59270c3fd7afecdb556c50c9e8de78 -> 
  custom:SearchIndexIgnoredProperties: e643bd26f0fe6173181afceb89e7c659 -> 
  custom:AudioImporter_EditorPlatform: d09bf68614088b80899f8185d706f6e7 -> 
  custom:video-encoder-webm-vp8: eb34c28f22e8b96e1ab97ce403110664 -> 
  custom:audio-decoder-ogg-vorbis: bf7c407c2cedff20999df2af8eb42d56 -> 
  custom:audio-encoder-webm-vorbis: bf7c407c2cedff20999df2af8eb42d56 -> 
========================================================================
Received Prepare
Caller must complete domain reload
Begin MonoManager ReloadAssembly
- Loaded All Assemblies, in  0.419 seconds
Native extension for WindowsStandalone target not found
Downloading https://github.com/undreamai/LlamaLib/releases/download/v1.2.1/undreamai-v1.2.1-llamacpp-full.zip to C:/Users/Usuario/AppData/Local/Temp/DefaultCompany/TFG Daniel\undreamai-v1.2.1-llamacpp-full.zip...
UnityEngine.StackTraceUtility:ExtractStackTrace ()
UnityEngine.DebugLogHandler:LogFormat (UnityEngine.LogType,UnityEngine.Object,string,object[])
UnityEngine.Logger:Log (UnityEngine.LogType,object)
UnityEngine.Debug:Log (object)
LLMUnity.LLMUnitySetup:Log (string) (at C:/Users/Usuario/Proyectos/TFG Daniel/Assets/LLMUnity/Runtime/LLMUnitySetup.cs:173)
LLMUnity.LLMUnitySetup/<DownloadFile>d__31:MoveNext () (at C:/Users/Usuario/Proyectos/TFG Daniel/Assets/LLMUnity/Runtime/LLMUnitySetup.cs:269)
System.Runtime.CompilerServices.AsyncTaskMethodBuilder:Start<LLMUnity.LLMUnitySetup/<DownloadFile>d__31> (LLMUnity.LLMUnitySetup/<DownloadFile>d__31&)
LLMUnity.LLMUnitySetup:DownloadFile (string,string,bool,LLMUnity.Callback`1<string>,LLMUnity.Callback`1<single>)
LLMUnity.LLMUnitySetup/<DownloadAndExtractInsideDirectory>d__41:MoveNext () (at C:/Users/Usuario/Proyectos/TFG Daniel/Assets/LLMUnity/Runtime/LLMUnitySetup.cs:407)
System.Runtime.CompilerServices.AsyncTaskMethodBuilder:Start<LLMUnity.LLMUnitySetup/<DownloadAndExtractInsideDirectory>d__41> (LLMUnity.LLMUnitySetup/<DownloadAndExtractInsideDirectory>d__41&)
LLMUnity.LLMUnitySetup:DownloadAndExtractInsideDirectory (string,string,string)
LLMUnity.LLMUnitySetup/<DownloadLibrary>d__43:MoveNext () (at C:/Users/Usuario/Proyectos/TFG Daniel/Assets/LLMUnity/Runtime/LLMUnitySetup.cs:459)
System.Runtime.CompilerServices.AsyncTaskMethodBuilder:Start<LLMUnity.LLMUnitySetup/<DownloadLibrary>d__43> (LLMUnity.LLMUnitySetup/<DownloadLibrary>d__43&)
LLMUnity.LLMUnitySetup:DownloadLibrary ()
LLMUnity.LLMUnitySetup/<InitializeOnLoad>d__28:MoveNext () (at C:/Users/Usuario/Proyectos/TFG Daniel/Assets/LLMUnity/Runtime/LLMUnitySetup.cs:237)
System.Runtime.CompilerServices.AsyncTaskMethodBuilder:Start<LLMUnity.LLMUnitySetup/<InitializeOnLoad>d__28> (LLMUnity.LLMUnitySetup/<InitializeOnLoad>d__28&)
LLMUnity.LLMUnitySetup:InitializeOnLoad ()
System.Reflection.RuntimeMethodInfo:Invoke (object,System.Reflection.BindingFlags,System.Reflection.Binder,object[],System.Globalization.CultureInfo)
System.Reflection.MethodBase:Invoke (object,object[])
UnityEditor.EditorAssemblies:ProcessInitializeOnLoadMethodAttributes ()

(Filename: C:/Users/Usuario/Proyectos/TFG Daniel/Assets/LLMUnity/Runtime/LLMUnitySetup.cs Line: 173)

Mono: successfully reloaded assembly
- Finished resetting the current domain, in  0.799 seconds
Domain Reload Profiling: 1217ms
	BeginReloadAssembly (131ms)
		ExecutionOrderSort (0ms)
		DisableScriptedObjects (3ms)
		BackupInstance (0ms)
		ReleaseScriptingObjects (0ms)
		CreateAndSetChildDomain (45ms)
	RebuildCommonClasses (23ms)
	RebuildNativeTypeToScriptingClass (7ms)
	initialDomainReloadingComplete (44ms)
	LoadAllAssembliesAndSetupDomain (213ms)
		LoadAssemblies (259ms)
		RebuildTransferFunctionScriptingTraits (0ms)
		AnalyzeDomain (12ms)
			TypeCache.Refresh (5ms)
				TypeCache.ScanAssembly (0ms)
			ScanForSourceGeneratedMonoScriptInfo (0ms)
			ResolveRequiredComponents (5ms)
	FinalizeReload (800ms)
		ReleaseScriptCaches (0ms)
		RebuildScriptCaches (0ms)
		SetupLoadedEditorAssemblies (483ms)
			LogAssemblyErrors (0ms)
			InitializePlatformSupportModulesInManaged (5ms)
			SetLoadedEditorAssemblies (2ms)
			RefreshPlugins (0ms)
			BeforeProcessingInitializeOnLoad (38ms)
			ProcessInitializeOnLoadAttributes (238ms)
			ProcessInitializeOnLoadMethodAttributes (196ms)
			AfterProcessingInitializeOnLoad (5ms)
			EditorAssembliesLoaded (0ms)
		ExecutionOrderSort2 (0ms)
		AwakeInstancesAfterBackupRestoration (5ms)
Refreshing native plugins compatible for Editor in 11.76 ms, found 14 plugins.
Preloading 0 native plugins for Editor in 0.00 ms.
Unloading 3200 Unused Serialized files (Serialized files now loaded: 0)
Unloading 17 unused Assets / (30.0 KB). Loaded Objects now: 3719.
Memory consumption went from 123.8 MB to 123.8 MB.
Total: 5.926400 ms (FindLiveObjects: 0.294600 ms CreateObjectMapping: 0.232400 ms MarkObjects: 5.317400 ms  DeleteObjects: 0.080400 ms)

Prepare: number of updated asset objects reloaded= 0
AssetImportParameters requested are different than current active one (requested -> active):
  custom:container-demuxer-ogg: 62fdf1f143b41e24485cea50d1cbac27 -> 
  custom:video-codec-MediaFoundation-h265: 746d11721c4dcdbdad8f713fa42b33f4 -> 
  custom:video-decoder-ogg-theora: a1e56fd34408186e4bbccfd4996cb3dc -> 
  custom:framework-win-MediaFoundation: 216162199b28c13a410421893ffa2e32 -> 
  custom:CustomObjectIndexerAttribute: 9a22284fe3817be447336de3de66b15e -> 
  custom:container-demuxer-webm: 4f35f7cbe854078d1ac9338744f61a02 -> 
  custom:container-muxer-webm: aa71ff27fc2769a1b78a27578f13a17b -> 
  custom:video-decoder-webm-vp8: 9c59270c3fd7afecdb556c50c9e8de78 -> 
  custom:SearchIndexIgnoredProperties: e643bd26f0fe6173181afceb89e7c659 -> 
  custom:AudioImporter_EditorPlatform: d09bf68614088b80899f8185d706f6e7 -> 
  custom:video-encoder-webm-vp8: eb34c28f22e8b96e1ab97ce403110664 -> 
  custom:audio-decoder-ogg-vorbis: bf7c407c2cedff20999df2af8eb42d56 -> 
  custom:audio-encoder-webm-vorbis: bf7c407c2cedff20999df2af8eb42d56 -> 
========================================================================
Received Prepare
Caller must complete domain reload
Begin MonoManager ReloadAssembly
- Loaded All Assemblies, in  0.405 seconds
Native extension for WindowsStandalone target not found
Downloading https://github.com/undreamai/LlamaLib/releases/download/v1.2.1/undreamai-v1.2.1-llamacpp-full.zip to C:/Users/Usuario/AppData/Local/Temp/DefaultCompany/TFG Daniel\undreamai-v1.2.1-llamacpp-full.zip...
UnityEngine.StackTraceUtility:ExtractStackTrace ()
UnityEngine.DebugLogHandler:LogFormat (UnityEngine.LogType,UnityEngine.Object,string,object[])
UnityEngine.Logger:Log (UnityEngine.LogType,object)
UnityEngine.Debug:Log (object)
LLMUnity.LLMUnitySetup:Log (string) (at C:/Users/Usuario/Proyectos/TFG Daniel/Assets/LLMUnity/Runtime/LLMUnitySetup.cs:173)
LLMUnity.LLMUnitySetup/<DownloadFile>d__31:MoveNext () (at C:/Users/Usuario/Proyectos/TFG Daniel/Assets/LLMUnity/Runtime/LLMUnitySetup.cs:269)
System.Runtime.CompilerServices.AsyncTaskMethodBuilder:Start<LLMUnity.LLMUnitySetup/<DownloadFile>d__31> (LLMUnity.LLMUnitySetup/<DownloadFile>d__31&)
LLMUnity.LLMUnitySetup:DownloadFile (string,string,bool,LLMUnity.Callback`1<string>,LLMUnity.Callback`1<single>)
LLMUnity.LLMUnitySetup/<DownloadAndExtractInsideDirectory>d__41:MoveNext () (at C:/Users/Usuario/Proyectos/TFG Daniel/Assets/LLMUnity/Runtime/LLMUnitySetup.cs:407)
System.Runtime.CompilerServices.AsyncTaskMethodBuilder:Start<LLMUnity.LLMUnitySetup/<DownloadAndExtractInsideDirectory>d__41> (LLMUnity.LLMUnitySetup/<DownloadAndExtractInsideDirectory>d__41&)
LLMUnity.LLMUnitySetup:DownloadAndExtractInsideDirectory (string,string,string)
LLMUnity.LLMUnitySetup/<DownloadLibrary>d__43:MoveNext () (at C:/Users/Usuario/Proyectos/TFG Daniel/Assets/LLMUnity/Runtime/LLMUnitySetup.cs:459)
System.Runtime.CompilerServices.AsyncTaskMethodBuilder:Start<LLMUnity.LLMUnitySetup/<DownloadLibrary>d__43> (LLMUnity.LLMUnitySetup/<DownloadLibrary>d__43&)
LLMUnity.LLMUnitySetup:DownloadLibrary ()
LLMUnity.LLMUnitySetup/<InitializeOnLoad>d__28:MoveNext () (at C:/Users/Usuario/Proyectos/TFG Daniel/Assets/LLMUnity/Runtime/LLMUnitySetup.cs:237)
System.Runtime.CompilerServices.AsyncTaskMethodBuilder:Start<LLMUnity.LLMUnitySetup/<InitializeOnLoad>d__28> (LLMUnity.LLMUnitySetup/<InitializeOnLoad>d__28&)
LLMUnity.LLMUnitySetup:InitializeOnLoad ()
System.Reflection.RuntimeMethodInfo:Invoke (object,System.Reflection.BindingFlags,System.Reflection.Binder,object[],System.Globalization.CultureInfo)
System.Reflection.MethodBase:Invoke (object,object[])
UnityEditor.EditorAssemblies:ProcessInitializeOnLoadMethodAttributes ()

(Filename: C:/Users/Usuario/Proyectos/TFG Daniel/Assets/LLMUnity/Runtime/LLMUnitySetup.cs Line: 173)

Sharing violation on path C:\Users\Usuario\AppData\Local\Temp\DefaultCompany\TFG Daniel\undreamai-v1.2.1-llamacpp-full.zip
UnityEngine.StackTraceUtility:ExtractStackTrace ()
UnityEngine.DebugLogHandler:LogFormat (UnityEngine.LogType,UnityEngine.Object,string,object[])
UnityEngine.Logger:Log (UnityEngine.LogType,object)
UnityEngine.Debug:LogError (object)
LLMUnity.LLMUnitySetup:LogError (string) (at C:/Users/Usuario/Proyectos/TFG Daniel/Assets/LLMUnity/Runtime/LLMUnitySetup.cs:185)
LLMUnity.LLMUnitySetup/<DownloadLibrary>d__43:MoveNext () (at C:/Users/Usuario/Proyectos/TFG Daniel/Assets/LLMUnity/Runtime/LLMUnitySetup.cs:463)
System.Runtime.CompilerServices.AsyncTaskMethodBuilder:Start<LLMUnity.LLMUnitySetup/<DownloadLibrary>d__43> (LLMUnity.LLMUnitySetup/<DownloadLibrary>d__43&)
LLMUnity.LLMUnitySetup:DownloadLibrary ()
LLMUnity.LLMUnitySetup/<InitializeOnLoad>d__28:MoveNext () (at C:/Users/Usuario/Proyectos/TFG Daniel/Assets/LLMUnity/Runtime/LLMUnitySetup.cs:237)
System.Runtime.CompilerServices.AsyncTaskMethodBuilder:Start<LLMUnity.LLMUnitySetup/<InitializeOnLoad>d__28> (LLMUnity.LLMUnitySetup/<InitializeOnLoad>d__28&)
LLMUnity.LLMUnitySetup:InitializeOnLoad ()
System.Reflection.RuntimeMethodInfo:Invoke (object,System.Reflection.BindingFlags,System.Reflection.Binder,object[],System.Globalization.CultureInfo)
System.Reflection.MethodBase:Invoke (object,object[])
UnityEditor.EditorAssemblies:ProcessInitializeOnLoadMethodAttributes ()

(Filename: C:/Users/Usuario/Proyectos/TFG Daniel/Assets/LLMUnity/Runtime/LLMUnitySetup.cs Line: 185)

Mono: successfully reloaded assembly
- Finished resetting the current domain, in  0.717 seconds
Domain Reload Profiling: 1122ms
	BeginReloadAssembly (138ms)
		ExecutionOrderSort (0ms)
		DisableScriptedObjects (3ms)
		BackupInstance (0ms)
		ReleaseScriptingObjects (0ms)
		CreateAndSetChildDomain (52ms)
	RebuildCommonClasses (25ms)
	RebuildNativeTypeToScriptingClass (7ms)
	initialDomainReloadingComplete (42ms)
	LoadAllAssembliesAndSetupDomain (192ms)
		LoadAssemblies (240ms)
		RebuildTransferFunctionScriptingTraits (0ms)
		AnalyzeDomain (10ms)
			TypeCache.Refresh (4ms)
				TypeCache.ScanAssembly (0ms)
			ScanForSourceGeneratedMonoScriptInfo (0ms)
			ResolveRequiredComponents (4ms)
	FinalizeReload (718ms)
		ReleaseScriptCaches (0ms)
		RebuildScriptCaches (0ms)
		SetupLoadedEditorAssemblies (405ms)
			LogAssemblyErrors (0ms)
			InitializePlatformSupportModulesInManaged (4ms)
			SetLoadedEditorAssemblies (2ms)
			RefreshPlugins (0ms)
			BeforeProcessingInitializeOnLoad (38ms)
			ProcessInitializeOnLoadAttributes (236ms)
			ProcessInitializeOnLoadMethodAttributes (121ms)
			AfterProcessingInitializeOnLoad (5ms)
			EditorAssembliesLoaded (0ms)
		ExecutionOrderSort2 (0ms)
		AwakeInstancesAfterBackupRestoration (5ms)
Refreshing native plugins compatible for Editor in 12.81 ms, found 14 plugins.
Preloading 0 native plugins for Editor in 0.00 ms.
Unloading 3200 Unused Serialized files (Serialized files now loaded: 0)
Unloading 17 unused Assets / (30.0 KB). Loaded Objects now: 3723.
Memory consumption went from 123.8 MB to 123.8 MB.
Total: 6.059600 ms (FindLiveObjects: 0.348000 ms CreateObjectMapping: 0.224500 ms MarkObjects: 5.386600 ms  DeleteObjects: 0.097300 ms)

Prepare: number of updated asset objects reloaded= 0
AssetImportParameters requested are different than current active one (requested -> active):
  custom:container-demuxer-ogg: 62fdf1f143b41e24485cea50d1cbac27 -> 
  custom:video-codec-MediaFoundation-h265: 746d11721c4dcdbdad8f713fa42b33f4 -> 
  custom:video-decoder-ogg-theora: a1e56fd34408186e4bbccfd4996cb3dc -> 
  custom:framework-win-MediaFoundation: 216162199b28c13a410421893ffa2e32 -> 
  custom:CustomObjectIndexerAttribute: 9a22284fe3817be447336de3de66b15e -> 
  custom:container-demuxer-webm: 4f35f7cbe854078d1ac9338744f61a02 -> 
  custom:container-muxer-webm: aa71ff27fc2769a1b78a27578f13a17b -> 
  custom:video-decoder-webm-vp8: 9c59270c3fd7afecdb556c50c9e8de78 -> 
  custom:SearchIndexIgnoredProperties: e643bd26f0fe6173181afceb89e7c659 -> 
  custom:AudioImporter_EditorPlatform: d09bf68614088b80899f8185d706f6e7 -> 
  custom:video-encoder-webm-vp8: eb34c28f22e8b96e1ab97ce403110664 -> 
  custom:audio-decoder-ogg-vorbis: bf7c407c2cedff20999df2af8eb42d56 -> 
  custom:audio-encoder-webm-vorbis: bf7c407c2cedff20999df2af8eb42d56 -> 
========================================================================
Received Prepare
Caller must complete domain reload
Begin MonoManager ReloadAssembly
- Loaded All Assemblies, in  0.658 seconds
Native extension for WindowsStandalone target not found
Downloading https://github.com/undreamai/LlamaLib/releases/download/v1.2.1/undreamai-v1.2.1-llamacpp-full.zip to C:/Users/Usuario/AppData/Local/Temp/DefaultCompany/TFG Daniel\undreamai-v1.2.1-llamacpp-full.zip...
UnityEngine.StackTraceUtility:ExtractStackTrace ()
UnityEngine.DebugLogHandler:LogFormat (UnityEngine.LogType,UnityEngine.Object,string,object[])
UnityEngine.Logger:Log (UnityEngine.LogType,object)
UnityEngine.Debug:Log (object)
LLMUnity.LLMUnitySetup:Log (string) (at C:/Users/Usuario/Proyectos/TFG Daniel/Assets/LLMUnity/Runtime/LLMUnitySetup.cs:173)
LLMUnity.LLMUnitySetup/<DownloadFile>d__31:MoveNext () (at C:/Users/Usuario/Proyectos/TFG Daniel/Assets/LLMUnity/Runtime/LLMUnitySetup.cs:269)
System.Runtime.CompilerServices.AsyncTaskMethodBuilder:Start<LLMUnity.LLMUnitySetup/<DownloadFile>d__31> (LLMUnity.LLMUnitySetup/<DownloadFile>d__31&)
LLMUnity.LLMUnitySetup:DownloadFile (string,string,bool,LLMUnity.Callback`1<string>,LLMUnity.Callback`1<single>)
LLMUnity.LLMUnitySetup/<DownloadAndExtractInsideDirectory>d__41:MoveNext () (at C:/Users/Usuario/Proyectos/TFG Daniel/Assets/LLMUnity/Runtime/LLMUnitySetup.cs:407)
System.Runtime.CompilerServices.AsyncTaskMethodBuilder:Start<LLMUnity.LLMUnitySetup/<DownloadAndExtractInsideDirectory>d__41> (LLMUnity.LLMUnitySetup/<DownloadAndExtractInsideDirectory>d__41&)
LLMUnity.LLMUnitySetup:DownloadAndExtractInsideDirectory (string,string,string)
LLMUnity.LLMUnitySetup/<DownloadLibrary>d__43:MoveNext () (at C:/Users/Usuario/Proyectos/TFG Daniel/Assets/LLMUnity/Runtime/LLMUnitySetup.cs:459)
System.Runtime.CompilerServices.AsyncTaskMethodBuilder:Start<LLMUnity.LLMUnitySetup/<DownloadLibrary>d__43> (LLMUnity.LLMUnitySetup/<DownloadLibrary>d__43&)
LLMUnity.LLMUnitySetup:DownloadLibrary ()
LLMUnity.LLMUnitySetup/<InitializeOnLoad>d__28:MoveNext () (at C:/Users/Usuario/Proyectos/TFG Daniel/Assets/LLMUnity/Runtime/LLMUnitySetup.cs:237)
System.Runtime.CompilerServices.AsyncTaskMethodBuilder:Start<LLMUnity.LLMUnitySetup/<InitializeOnLoad>d__28> (LLMUnity.LLMUnitySetup/<InitializeOnLoad>d__28&)
LLMUnity.LLMUnitySetup:InitializeOnLoad ()
System.Reflection.RuntimeMethodInfo:Invoke (object,System.Reflection.BindingFlags,System.Reflection.Binder,object[],System.Globalization.CultureInfo)
System.Reflection.MethodBase:Invoke (object,object[])
UnityEditor.EditorAssemblies:ProcessInitializeOnLoadMethodAttributes ()

(Filename: C:/Users/Usuario/Proyectos/TFG Daniel/Assets/LLMUnity/Runtime/LLMUnitySetup.cs Line: 173)

Sharing violation on path C:\Users\Usuario\AppData\Local\Temp\DefaultCompany\TFG Daniel\undreamai-v1.2.1-llamacpp-full.zip
UnityEngine.StackTraceUtility:ExtractStackTrace ()
UnityEngine.DebugLogHandler:LogFormat (UnityEngine.LogType,UnityEngine.Object,string,object[])
UnityEngine.Logger:Log (UnityEngine.LogType,object)
UnityEngine.Debug:LogError (object)
LLMUnity.LLMUnitySetup:LogError (string) (at C:/Users/Usuario/Proyectos/TFG Daniel/Assets/LLMUnity/Runtime/LLMUnitySetup.cs:185)
LLMUnity.LLMUnitySetup/<DownloadLibrary>d__43:MoveNext () (at C:/Users/Usuario/Proyectos/TFG Daniel/Assets/LLMUnity/Runtime/LLMUnitySetup.cs:463)
System.Runtime.CompilerServices.AsyncTaskMethodBuilder:Start<LLMUnity.LLMUnitySetup/<DownloadLibrary>d__43> (LLMUnity.LLMUnitySetup/<DownloadLibrary>d__43&)
LLMUnity.LLMUnitySetup:DownloadLibrary ()
LLMUnity.LLMUnitySetup/<InitializeOnLoad>d__28:MoveNext () (at C:/Users/Usuario/Proyectos/TFG Daniel/Assets/LLMUnity/Runtime/LLMUnitySetup.cs:237)
System.Runtime.CompilerServices.AsyncTaskMethodBuilder:Start<LLMUnity.LLMUnitySetup/<InitializeOnLoad>d__28> (LLMUnity.LLMUnitySetup/<InitializeOnLoad>d__28&)
LLMUnity.LLMUnitySetup:InitializeOnLoad ()
System.Reflection.RuntimeMethodInfo:Invoke (object,System.Reflection.BindingFlags,System.Reflection.Binder,object[],System.Globalization.CultureInfo)
System.Reflection.MethodBase:Invoke (object,object[])
UnityEditor.EditorAssemblies:ProcessInitializeOnLoadMethodAttributes ()

(Filename: C:/Users/Usuario/Proyectos/TFG Daniel/Assets/LLMUnity/Runtime/LLMUnitySetup.cs Line: 185)

Mono: successfully reloaded assembly
- Finished resetting the current domain, in  1.219 seconds
Domain Reload Profiling: 1875ms
	BeginReloadAssembly (187ms)
		ExecutionOrderSort (0ms)
		DisableScriptedObjects (5ms)
		BackupInstance (0ms)
		ReleaseScriptingObjects (0ms)
		CreateAndSetChildDomain (46ms)
	RebuildCommonClasses (39ms)
	RebuildNativeTypeToScriptingClass (13ms)
	initialDomainReloadingComplete (71ms)
	LoadAllAssembliesAndSetupDomain (345ms)
		LoadAssemblies (417ms)
		RebuildTransferFunctionScriptingTraits (0ms)
		AnalyzeDomain (34ms)
			TypeCache.Refresh (12ms)
				TypeCache.ScanAssembly (2ms)
			ScanForSourceGeneratedMonoScriptInfo (10ms)
			ResolveRequiredComponents (9ms)
	FinalizeReload (1220ms)
		ReleaseScriptCaches (0ms)
		RebuildScriptCaches (0ms)
		SetupLoadedEditorAssemblies (534ms)
			LogAssemblyErrors (0ms)
			InitializePlatformSupportModulesInManaged (10ms)
			SetLoadedEditorAssemblies (4ms)
			RefreshPlugins (0ms)
			BeforeProcessingInitializeOnLoad (68ms)
			ProcessInitializeOnLoadAttributes (374ms)
			ProcessInitializeOnLoadMethodAttributes (66ms)
			AfterProcessingInitializeOnLoad (12ms)
			EditorAssembliesLoaded (0ms)
		ExecutionOrderSort2 (0ms)
		AwakeInstancesAfterBackupRestoration (9ms)
Refreshing native plugins compatible for Editor in 16.36 ms, found 14 plugins.
Preloading 0 native plugins for Editor in 0.00 ms.
Unloading 3200 Unused Serialized files (Serialized files now loaded: 0)
Unloading 17 unused Assets / (30.1 KB). Loaded Objects now: 3727.
Memory consumption went from 123.8 MB to 123.8 MB.
Total: 3.976400 ms (FindLiveObjects: 0.441600 ms CreateObjectMapping: 0.133500 ms MarkObjects: 3.353500 ms  DeleteObjects: 0.046300 ms)

Prepare: number of updated asset objects reloaded= 0
AssetImportParameters requested are different than current active one (requested -> active):
  custom:container-demuxer-ogg: 62fdf1f143b41e24485cea50d1cbac27 -> 
  custom:video-codec-MediaFoundation-h265: 746d11721c4dcdbdad8f713fa42b33f4 -> 
  custom:video-decoder-ogg-theora: a1e56fd34408186e4bbccfd4996cb3dc -> 
  custom:framework-win-MediaFoundation: 216162199b28c13a410421893ffa2e32 -> 
  custom:CustomObjectIndexerAttribute: 9a22284fe3817be447336de3de66b15e -> 
  custom:container-demuxer-webm: 4f35f7cbe854078d1ac9338744f61a02 -> 
  custom:container-muxer-webm: aa71ff27fc2769a1b78a27578f13a17b -> 
  custom:video-decoder-webm-vp8: 9c59270c3fd7afecdb556c50c9e8de78 -> 
  custom:SearchIndexIgnoredProperties: e643bd26f0fe6173181afceb89e7c659 -> 
  custom:AudioImporter_EditorPlatform: d09bf68614088b80899f8185d706f6e7 -> 
  custom:video-encoder-webm-vp8: eb34c28f22e8b96e1ab97ce403110664 -> 
  custom:audio-decoder-ogg-vorbis: bf7c407c2cedff20999df2af8eb42d56 -> 
  custom:audio-encoder-webm-vorbis: bf7c407c2cedff20999df2af8eb42d56 -> 
  custom:scripting/precompiled-assembly-types:Assembly-CSharp: d2538484d89499f8392126d2ad179df2 -> 5313747ca47b8e51a918774a7844fafe
========================================================================
Received Prepare
Caller must complete domain reload
Begin MonoManager ReloadAssembly
- Loaded All Assemblies, in  0.395 seconds
Native extension for WindowsStandalone target not found
Downloading https://github.com/undreamai/LlamaLib/releases/download/v1.2.1/undreamai-v1.2.1-llamacpp-full.zip to C:/Users/Usuario/AppData/Local/Temp/DefaultCompany/TFG Daniel\undreamai-v1.2.1-llamacpp-full.zip...
UnityEngine.StackTraceUtility:ExtractStackTrace ()
UnityEngine.DebugLogHandler:LogFormat (UnityEngine.LogType,UnityEngine.Object,string,object[])
UnityEngine.Logger:Log (UnityEngine.LogType,object)
UnityEngine.Debug:Log (object)
LLMUnity.LLMUnitySetup:Log (string) (at C:/Users/Usuario/Proyectos/TFG Daniel/Assets/LLMUnity/Runtime/LLMUnitySetup.cs:173)
LLMUnity.LLMUnitySetup/<DownloadFile>d__31:MoveNext () (at C:/Users/Usuario/Proyectos/TFG Daniel/Assets/LLMUnity/Runtime/LLMUnitySetup.cs:269)
System.Runtime.CompilerServices.AsyncTaskMethodBuilder:Start<LLMUnity.LLMUnitySetup/<DownloadFile>d__31> (LLMUnity.LLMUnitySetup/<DownloadFile>d__31&)
LLMUnity.LLMUnitySetup:DownloadFile (string,string,bool,LLMUnity.Callback`1<string>,LLMUnity.Callback`1<single>)
LLMUnity.LLMUnitySetup/<DownloadAndExtractInsideDirectory>d__41:MoveNext () (at C:/Users/Usuario/Proyectos/TFG Daniel/Assets/LLMUnity/Runtime/LLMUnitySetup.cs:407)
System.Runtime.CompilerServices.AsyncTaskMethodBuilder:Start<LLMUnity.LLMUnitySetup/<DownloadAndExtractInsideDirectory>d__41> (LLMUnity.LLMUnitySetup/<DownloadAndExtractInsideDirectory>d__41&)
LLMUnity.LLMUnitySetup:DownloadAndExtractInsideDirectory (string,string,string)
LLMUnity.LLMUnitySetup/<DownloadLibrary>d__43:MoveNext () (at C:/Users/Usuario/Proyectos/TFG Daniel/Assets/LLMUnity/Runtime/LLMUnitySetup.cs:459)
System.Runtime.CompilerServices.AsyncTaskMethodBuilder:Start<LLMUnity.LLMUnitySetup/<DownloadLibrary>d__43> (LLMUnity.LLMUnitySetup/<DownloadLibrary>d__43&)
LLMUnity.LLMUnitySetup:DownloadLibrary ()
LLMUnity.LLMUnitySetup/<InitializeOnLoad>d__28:MoveNext () (at C:/Users/Usuario/Proyectos/TFG Daniel/Assets/LLMUnity/Runtime/LLMUnitySetup.cs:237)
System.Runtime.CompilerServices.AsyncTaskMethodBuilder:Start<LLMUnity.LLMUnitySetup/<InitializeOnLoad>d__28> (LLMUnity.LLMUnitySetup/<InitializeOnLoad>d__28&)
LLMUnity.LLMUnitySetup:InitializeOnLoad ()
System.Reflection.RuntimeMethodInfo:Invoke (object,System.Reflection.BindingFlags,System.Reflection.Binder,object[],System.Globalization.CultureInfo)
System.Reflection.MethodBase:Invoke (object,object[])
UnityEditor.EditorAssemblies:ProcessInitializeOnLoadMethodAttributes ()

(Filename: C:/Users/Usuario/Proyectos/TFG Daniel/Assets/LLMUnity/Runtime/LLMUnitySetup.cs Line: 173)

Sharing violation on path C:\Users\Usuario\AppData\Local\Temp\DefaultCompany\TFG Daniel\undreamai-v1.2.1-llamacpp-full.zip
UnityEngine.StackTraceUtility:ExtractStackTrace ()
UnityEngine.DebugLogHandler:LogFormat (UnityEngine.LogType,UnityEngine.Object,string,object[])
UnityEngine.Logger:Log (UnityEngine.LogType,object)
UnityEngine.Debug:LogError (object)
LLMUnity.LLMUnitySetup:LogError (string) (at C:/Users/Usuario/Proyectos/TFG Daniel/Assets/LLMUnity/Runtime/LLMUnitySetup.cs:185)
LLMUnity.LLMUnitySetup/<DownloadLibrary>d__43:MoveNext () (at C:/Users/Usuario/Proyectos/TFG Daniel/Assets/LLMUnity/Runtime/LLMUnitySetup.cs:463)
System.Runtime.CompilerServices.AsyncTaskMethodBuilder:Start<LLMUnity.LLMUnitySetup/<DownloadLibrary>d__43> (LLMUnity.LLMUnitySetup/<DownloadLibrary>d__43&)
LLMUnity.LLMUnitySetup:DownloadLibrary ()
LLMUnity.LLMUnitySetup/<InitializeOnLoad>d__28:MoveNext () (at C:/Users/Usuario/Proyectos/TFG Daniel/Assets/LLMUnity/Runtime/LLMUnitySetup.cs:237)
System.Runtime.CompilerServices.AsyncTaskMethodBuilder:Start<LLMUnity.LLMUnitySetup/<InitializeOnLoad>d__28> (LLMUnity.LLMUnitySetup/<InitializeOnLoad>d__28&)
LLMUnity.LLMUnitySetup:InitializeOnLoad ()
System.Reflection.RuntimeMethodInfo:Invoke (object,System.Reflection.BindingFlags,System.Reflection.Binder,object[],System.Globalization.CultureInfo)
System.Reflection.MethodBase:Invoke (object,object[])
UnityEditor.EditorAssemblies:ProcessInitializeOnLoadMethodAttributes ()

(Filename: C:/Users/Usuario/Proyectos/TFG Daniel/Assets/LLMUnity/Runtime/LLMUnitySetup.cs Line: 185)

Mono: successfully reloaded assembly
- Finished resetting the current domain, in  0.745 seconds
Domain Reload Profiling: 1139ms
	BeginReloadAssembly (116ms)
		ExecutionOrderSort (0ms)
		DisableScriptedObjects (3ms)
		BackupInstance (0ms)
		ReleaseScriptingObjects (0ms)
		CreateAndSetChildDomain (29ms)
	RebuildCommonClasses (22ms)
	RebuildNativeTypeToScriptingClass (7ms)
	initialDomainReloadingComplete (43ms)
	LoadAllAssembliesAndSetupDomain (206ms)
		LoadAssemblies (247ms)
		RebuildTransferFunctionScriptingTraits (0ms)
		AnalyzeDomain (18ms)
			TypeCache.Refresh (7ms)
				TypeCache.ScanAssembly (1ms)
			ScanForSourceGeneratedMonoScriptInfo (5ms)
			ResolveRequiredComponents (4ms)
	FinalizeReload (745ms)
		ReleaseScriptCaches (0ms)
		RebuildScriptCaches (0ms)
		SetupLoadedEditorAssemblies (374ms)
			LogAssemblyErrors (0ms)
			InitializePlatformSupportModulesInManaged (6ms)
			SetLoadedEditorAssemblies (3ms)
			RefreshPlugins (0ms)
			BeforeProcessingInitializeOnLoad (44ms)
			ProcessInitializeOnLoadAttributes (273ms)
			ProcessInitializeOnLoadMethodAttributes (44ms)
			AfterProcessingInitializeOnLoad (5ms)
			EditorAssembliesLoaded (0ms)
		ExecutionOrderSort2 (0ms)
		AwakeInstancesAfterBackupRestoration (5ms)
Refreshing native plugins compatible for Editor in 13.80 ms, found 14 plugins.
Preloading 0 native plugins for Editor in 0.00 ms.
Unloading 3200 Unused Serialized files (Serialized files now loaded: 0)
Unloading 17 unused Assets / (30.1 KB). Loaded Objects now: 3731.
Memory consumption went from 123.8 MB to 123.8 MB.
Total: 6.194300 ms (FindLiveObjects: 0.353600 ms CreateObjectMapping: 0.164900 ms MarkObjects: 5.626400 ms  DeleteObjects: 0.048000 ms)

Prepare: number of updated asset objects reloaded= 0
AssetImportParameters requested are different than current active one (requested -> active):
  custom:container-demuxer-ogg: 62fdf1f143b41e24485cea50d1cbac27 -> 
  custom:video-codec-MediaFoundation-h265: 746d11721c4dcdbdad8f713fa42b33f4 -> 
  custom:video-decoder-ogg-theora: a1e56fd34408186e4bbccfd4996cb3dc -> 
  custom:framework-win-MediaFoundation: 216162199b28c13a410421893ffa2e32 -> 
  custom:CustomObjectIndexerAttribute: 9a22284fe3817be447336de3de66b15e -> 
  custom:container-demuxer-webm: 4f35f7cbe854078d1ac9338744f61a02 -> 
  custom:container-muxer-webm: aa71ff27fc2769a1b78a27578f13a17b -> 
  custom:video-decoder-webm-vp8: 9c59270c3fd7afecdb556c50c9e8de78 -> 
  custom:SearchIndexIgnoredProperties: e643bd26f0fe6173181afceb89e7c659 -> 
  custom:AudioImporter_EditorPlatform: d09bf68614088b80899f8185d706f6e7 -> 
  custom:video-encoder-webm-vp8: eb34c28f22e8b96e1ab97ce403110664 -> 
  custom:audio-decoder-ogg-vorbis: bf7c407c2cedff20999df2af8eb42d56 -> 
  custom:audio-encoder-webm-vorbis: bf7c407c2cedff20999df2af8eb42d56 -> 
  custom:scripting/precompiled-assembly-types:Assembly-CSharp: d2538484d89499f8392126d2ad179df2 -> 5313747ca47b8e51a918774a7844fafe
========================================================================
Received Prepare
Caller must complete domain reload
Begin MonoManager ReloadAssembly
- Loaded All Assemblies, in  0.391 seconds
Native extension for WindowsStandalone target not found
Downloading https://github.com/undreamai/LlamaLib/releases/download/v1.2.1/undreamai-v1.2.1-llamacpp-full.zip to C:/Users/Usuario/AppData/Local/Temp/DefaultCompany/TFG Daniel\undreamai-v1.2.1-llamacpp-full.zip...
UnityEngine.StackTraceUtility:ExtractStackTrace ()
UnityEngine.DebugLogHandler:LogFormat (UnityEngine.LogType,UnityEngine.Object,string,object[])
UnityEngine.Logger:Log (UnityEngine.LogType,object)
UnityEngine.Debug:Log (object)
LLMUnity.LLMUnitySetup:Log (string) (at C:/Users/Usuario/Proyectos/TFG Daniel/Assets/LLMUnity/Runtime/LLMUnitySetup.cs:173)
LLMUnity.LLMUnitySetup/<DownloadFile>d__31:MoveNext () (at C:/Users/Usuario/Proyectos/TFG Daniel/Assets/LLMUnity/Runtime/LLMUnitySetup.cs:269)
System.Runtime.CompilerServices.AsyncTaskMethodBuilder:Start<LLMUnity.LLMUnitySetup/<DownloadFile>d__31> (LLMUnity.LLMUnitySetup/<DownloadFile>d__31&)
LLMUnity.LLMUnitySetup:DownloadFile (string,string,bool,LLMUnity.Callback`1<string>,LLMUnity.Callback`1<single>)
LLMUnity.LLMUnitySetup/<DownloadAndExtractInsideDirectory>d__41:MoveNext () (at C:/Users/Usuario/Proyectos/TFG Daniel/Assets/LLMUnity/Runtime/LLMUnitySetup.cs:407)
System.Runtime.CompilerServices.AsyncTaskMethodBuilder:Start<LLMUnity.LLMUnitySetup/<DownloadAndExtractInsideDirectory>d__41> (LLMUnity.LLMUnitySetup/<DownloadAndExtractInsideDirectory>d__41&)
LLMUnity.LLMUnitySetup:DownloadAndExtractInsideDirectory (string,string,string)
LLMUnity.LLMUnitySetup/<DownloadLibrary>d__43:MoveNext () (at C:/Users/Usuario/Proyectos/TFG Daniel/Assets/LLMUnity/Runtime/LLMUnitySetup.cs:459)
System.Runtime.CompilerServices.AsyncTaskMethodBuilder:Start<LLMUnity.LLMUnitySetup/<DownloadLibrary>d__43> (LLMUnity.LLMUnitySetup/<DownloadLibrary>d__43&)
LLMUnity.LLMUnitySetup:DownloadLibrary ()
LLMUnity.LLMUnitySetup/<InitializeOnLoad>d__28:MoveNext () (at C:/Users/Usuario/Proyectos/TFG Daniel/Assets/LLMUnity/Runtime/LLMUnitySetup.cs:237)
System.Runtime.CompilerServices.AsyncTaskMethodBuilder:Start<LLMUnity.LLMUnitySetup/<InitializeOnLoad>d__28> (LLMUnity.LLMUnitySetup/<InitializeOnLoad>d__28&)
LLMUnity.LLMUnitySetup:InitializeOnLoad ()
System.Reflection.RuntimeMethodInfo:Invoke (object,System.Reflection.BindingFlags,System.Reflection.Binder,object[],System.Globalization.CultureInfo)
System.Reflection.MethodBase:Invoke (object,object[])
UnityEditor.EditorAssemblies:ProcessInitializeOnLoadMethodAttributes ()

(Filename: C:/Users/Usuario/Proyectos/TFG Daniel/Assets/LLMUnity/Runtime/LLMUnitySetup.cs Line: 173)

Sharing violation on path C:\Users\Usuario\AppData\Local\Temp\DefaultCompany\TFG Daniel\undreamai-v1.2.1-llamacpp-full.zip
UnityEngine.StackTraceUtility:ExtractStackTrace ()
UnityEngine.DebugLogHandler:LogFormat (UnityEngine.LogType,UnityEngine.Object,string,object[])
UnityEngine.Logger:Log (UnityEngine.LogType,object)
UnityEngine.Debug:LogError (object)
LLMUnity.LLMUnitySetup:LogError (string) (at C:/Users/Usuario/Proyectos/TFG Daniel/Assets/LLMUnity/Runtime/LLMUnitySetup.cs:185)
LLMUnity.LLMUnitySetup/<DownloadLibrary>d__43:MoveNext () (at C:/Users/Usuario/Proyectos/TFG Daniel/Assets/LLMUnity/Runtime/LLMUnitySetup.cs:463)
System.Runtime.CompilerServices.AsyncTaskMethodBuilder:Start<LLMUnity.LLMUnitySetup/<DownloadLibrary>d__43> (LLMUnity.LLMUnitySetup/<DownloadLibrary>d__43&)
LLMUnity.LLMUnitySetup:DownloadLibrary ()
LLMUnity.LLMUnitySetup/<InitializeOnLoad>d__28:MoveNext () (at C:/Users/Usuario/Proyectos/TFG Daniel/Assets/LLMUnity/Runtime/LLMUnitySetup.cs:237)
System.Runtime.CompilerServices.AsyncTaskMethodBuilder:Start<LLMUnity.LLMUnitySetup/<InitializeOnLoad>d__28> (LLMUnity.LLMUnitySetup/<InitializeOnLoad>d__28&)
LLMUnity.LLMUnitySetup:InitializeOnLoad ()
System.Reflection.RuntimeMethodInfo:Invoke (object,System.Reflection.BindingFlags,System.Reflection.Binder,object[],System.Globalization.CultureInfo)
System.Reflection.MethodBase:Invoke (object,object[])
UnityEditor.EditorAssemblies:ProcessInitializeOnLoadMethodAttributes ()

(Filename: C:/Users/Usuario/Proyectos/TFG Daniel/Assets/LLMUnity/Runtime/LLMUnitySetup.cs Line: 185)

Mono: successfully reloaded assembly
- Finished resetting the current domain, in  0.749 seconds
Domain Reload Profiling: 1139ms
	BeginReloadAssembly (121ms)
		ExecutionOrderSort (0ms)
		DisableScriptedObjects (3ms)
		BackupInstance (0ms)
		ReleaseScriptingObjects (0ms)
		CreateAndSetChildDomain (30ms)
	RebuildCommonClasses (22ms)
	RebuildNativeTypeToScriptingClass (7ms)
	initialDomainReloadingComplete (41ms)
	LoadAllAssembliesAndSetupDomain (198ms)
		LoadAssemblies (239ms)
		RebuildTransferFunctionScriptingTraits (0ms)
		AnalyzeDomain (17ms)
			TypeCache.Refresh (7ms)
				TypeCache.ScanAssembly (1ms)
			ScanForSourceGeneratedMonoScriptInfo (5ms)
			ResolveRequiredComponents (4ms)
	FinalizeReload (750ms)
		ReleaseScriptCaches (0ms)
		RebuildScriptCaches (0ms)
		SetupLoadedEditorAssemblies (355ms)
			LogAssemblyErrors (0ms)
			InitializePlatformSupportModulesInManaged (6ms)
			SetLoadedEditorAssemblies (2ms)
			RefreshPlugins (0ms)
			BeforeProcessingInitializeOnLoad (45ms)
			ProcessInitializeOnLoadAttributes (242ms)
			ProcessInitializeOnLoadMethodAttributes (53ms)
			AfterProcessingInitializeOnLoad (6ms)
			EditorAssembliesLoaded (0ms)
		ExecutionOrderSort2 (0ms)
		AwakeInstancesAfterBackupRestoration (11ms)
Refreshing native plugins compatible for Editor in 11.07 ms, found 14 plugins.
Preloading 0 native plugins for Editor in 0.00 ms.
Unloading 3200 Unused Serialized files (Serialized files now loaded: 0)
Unloading 17 unused Assets / (30.1 KB). Loaded Objects now: 3735.
Memory consumption went from 123.8 MB to 123.8 MB.
Total: 8.114500 ms (FindLiveObjects: 0.194100 ms CreateObjectMapping: 0.121600 ms MarkObjects: 7.732200 ms  DeleteObjects: 0.065200 ms)

Prepare: number of updated asset objects reloaded= 0
AssetImportParameters requested are different than current active one (requested -> active):
  custom:container-demuxer-ogg: 62fdf1f143b41e24485cea50d1cbac27 -> 
  custom:video-codec-MediaFoundation-h265: 746d11721c4dcdbdad8f713fa42b33f4 -> 
  custom:video-decoder-ogg-theora: a1e56fd34408186e4bbccfd4996cb3dc -> 
  custom:framework-win-MediaFoundation: 216162199b28c13a410421893ffa2e32 -> 
  custom:CustomObjectIndexerAttribute: 9a22284fe3817be447336de3de66b15e -> 
  custom:container-demuxer-webm: 4f35f7cbe854078d1ac9338744f61a02 -> 
  custom:container-muxer-webm: aa71ff27fc2769a1b78a27578f13a17b -> 
  custom:video-decoder-webm-vp8: 9c59270c3fd7afecdb556c50c9e8de78 -> 
  custom:SearchIndexIgnoredProperties: e643bd26f0fe6173181afceb89e7c659 -> 
  custom:AudioImporter_EditorPlatform: d09bf68614088b80899f8185d706f6e7 -> 
  custom:video-encoder-webm-vp8: eb34c28f22e8b96e1ab97ce403110664 -> 
  custom:audio-decoder-ogg-vorbis: bf7c407c2cedff20999df2af8eb42d56 -> 
  custom:audio-encoder-webm-vorbis: bf7c407c2cedff20999df2af8eb42d56 -> 
  custom:scripting/precompiled-assembly-types:Assembly-CSharp: d2538484d89499f8392126d2ad179df2 -> 5313747ca47b8e51a918774a7844fafe
========================================================================
Received Import Request.
  Time since last request: 1080.102216 seconds.
  path: Assets/Scripts/Managers/GameManager.cs
  artifactKey: Guid(0820587c64d6ab740ac3608b44b54d17) Importer(815301076,1909f56bfc062723c751e8b465ee728b)
Start importing Assets/Scripts/Managers/GameManager.cs using Guid(0820587c64d6ab740ac3608b44b54d17) Importer(815301076,1909f56bfc062723c751e8b465ee728b) [PhysX] Initialized MultithreadedTaskDispatcher with 20 workers.
 -> (artifact id: '51b5f86bfc128416317b1912aac6690a') in 0.007631 seconds
Number of updated asset objects reloaded before import = 0
Number of asset objects unloaded after import = 0
========================================================================
Received Prepare
Caller must complete domain reload
Begin MonoManager ReloadAssembly
- Loaded All Assemblies, in  0.411 seconds
Native extension for WindowsStandalone target not found
Downloading https://github.com/undreamai/LlamaLib/releases/download/v1.2.1/undreamai-v1.2.1-llamacpp-full.zip to C:/Users/Usuario/AppData/Local/Temp/DefaultCompany/TFG Daniel\undreamai-v1.2.1-llamacpp-full.zip...
UnityEngine.StackTraceUtility:ExtractStackTrace ()
UnityEngine.DebugLogHandler:LogFormat (UnityEngine.LogType,UnityEngine.Object,string,object[])
UnityEngine.Logger:Log (UnityEngine.LogType,object)
UnityEngine.Debug:Log (object)
LLMUnity.LLMUnitySetup:Log (string) (at C:/Users/Usuario/Proyectos/TFG Daniel/Assets/LLMUnity/Runtime/LLMUnitySetup.cs:173)
LLMUnity.LLMUnitySetup/<DownloadFile>d__31:MoveNext () (at C:/Users/Usuario/Proyectos/TFG Daniel/Assets/LLMUnity/Runtime/LLMUnitySetup.cs:269)
System.Runtime.CompilerServices.AsyncTaskMethodBuilder:Start<LLMUnity.LLMUnitySetup/<DownloadFile>d__31> (LLMUnity.LLMUnitySetup/<DownloadFile>d__31&)
LLMUnity.LLMUnitySetup:DownloadFile (string,string,bool,LLMUnity.Callback`1<string>,LLMUnity.Callback`1<single>)
LLMUnity.LLMUnitySetup/<DownloadAndExtractInsideDirectory>d__41:MoveNext () (at C:/Users/Usuario/Proyectos/TFG Daniel/Assets/LLMUnity/Runtime/LLMUnitySetup.cs:407)
System.Runtime.CompilerServices.AsyncTaskMethodBuilder:Start<LLMUnity.LLMUnitySetup/<DownloadAndExtractInsideDirectory>d__41> (LLMUnity.LLMUnitySetup/<DownloadAndExtractInsideDirectory>d__41&)
LLMUnity.LLMUnitySetup:DownloadAndExtractInsideDirectory (string,string,string)
LLMUnity.LLMUnitySetup/<DownloadLibrary>d__43:MoveNext () (at C:/Users/Usuario/Proyectos/TFG Daniel/Assets/LLMUnity/Runtime/LLMUnitySetup.cs:459)
System.Runtime.CompilerServices.AsyncTaskMethodBuilder:Start<LLMUnity.LLMUnitySetup/<DownloadLibrary>d__43> (LLMUnity.LLMUnitySetup/<DownloadLibrary>d__43&)
LLMUnity.LLMUnitySetup:DownloadLibrary ()
LLMUnity.LLMUnitySetup/<InitializeOnLoad>d__28:MoveNext () (at C:/Users/Usuario/Proyectos/TFG Daniel/Assets/LLMUnity/Runtime/LLMUnitySetup.cs:237)
System.Runtime.CompilerServices.AsyncTaskMethodBuilder:Start<LLMUnity.LLMUnitySetup/<InitializeOnLoad>d__28> (LLMUnity.LLMUnitySetup/<InitializeOnLoad>d__28&)
LLMUnity.LLMUnitySetup:InitializeOnLoad ()
System.Reflection.RuntimeMethodInfo:Invoke (object,System.Reflection.BindingFlags,System.Reflection.Binder,object[],System.Globalization.CultureInfo)
System.Reflection.MethodBase:Invoke (object,object[])
UnityEditor.EditorAssemblies:ProcessInitializeOnLoadMethodAttributes ()

(Filename: C:/Users/Usuario/Proyectos/TFG Daniel/Assets/LLMUnity/Runtime/LLMUnitySetup.cs Line: 173)

Sharing violation on path C:\Users\Usuario\AppData\Local\Temp\DefaultCompany\TFG Daniel\undreamai-v1.2.1-llamacpp-full.zip
UnityEngine.StackTraceUtility:ExtractStackTrace ()
UnityEngine.DebugLogHandler:LogFormat (UnityEngine.LogType,UnityEngine.Object,string,object[])
UnityEngine.Logger:Log (UnityEngine.LogType,object)
UnityEngine.Debug:LogError (object)
LLMUnity.LLMUnitySetup:LogError (string) (at C:/Users/Usuario/Proyectos/TFG Daniel/Assets/LLMUnity/Runtime/LLMUnitySetup.cs:185)
LLMUnity.LLMUnitySetup/<DownloadLibrary>d__43:MoveNext () (at C:/Users/Usuario/Proyectos/TFG Daniel/Assets/LLMUnity/Runtime/LLMUnitySetup.cs:463)
System.Runtime.CompilerServices.AsyncTaskMethodBuilder:Start<LLMUnity.LLMUnitySetup/<DownloadLibrary>d__43> (LLMUnity.LLMUnitySetup/<DownloadLibrary>d__43&)
LLMUnity.LLMUnitySetup:DownloadLibrary ()
LLMUnity.LLMUnitySetup/<InitializeOnLoad>d__28:MoveNext () (at C:/Users/Usuario/Proyectos/TFG Daniel/Assets/LLMUnity/Runtime/LLMUnitySetup.cs:237)
System.Runtime.CompilerServices.AsyncTaskMethodBuilder:Start<LLMUnity.LLMUnitySetup/<InitializeOnLoad>d__28> (LLMUnity.LLMUnitySetup/<InitializeOnLoad>d__28&)
LLMUnity.LLMUnitySetup:InitializeOnLoad ()
System.Reflection.RuntimeMethodInfo:Invoke (object,System.Reflection.BindingFlags,System.Reflection.Binder,object[],System.Globalization.CultureInfo)
System.Reflection.MethodBase:Invoke (object,object[])
UnityEditor.EditorAssemblies:ProcessInitializeOnLoadMethodAttributes ()

(Filename: C:/Users/Usuario/Proyectos/TFG Daniel/Assets/LLMUnity/Runtime/LLMUnitySetup.cs Line: 185)

Mono: successfully reloaded assembly
- Finished resetting the current domain, in  0.807 seconds
Domain Reload Profiling: 1217ms
	BeginReloadAssembly (116ms)
		ExecutionOrderSort (0ms)
		DisableScriptedObjects (3ms)
		BackupInstance (0ms)
		ReleaseScriptingObjects (0ms)
		CreateAndSetChildDomain (28ms)
	RebuildCommonClasses (22ms)
	RebuildNativeTypeToScriptingClass (7ms)
	initialDomainReloadingComplete (42ms)
	LoadAllAssembliesAndSetupDomain (222ms)
		LoadAssemblies (272ms)
		RebuildTransferFunctionScriptingTraits (0ms)
		AnalyzeDomain (11ms)
			TypeCache.Refresh (5ms)
				TypeCache.ScanAssembly (0ms)
			ScanForSourceGeneratedMonoScriptInfo (0ms)
			ResolveRequiredComponents (4ms)
	FinalizeReload (807ms)
		ReleaseScriptCaches (0ms)
		RebuildScriptCaches (0ms)
		SetupLoadedEditorAssemblies (452ms)
			LogAssemblyErrors (0ms)
			InitializePlatformSupportModulesInManaged (6ms)
			SetLoadedEditorAssemblies (2ms)
			RefreshPlugins (0ms)
			BeforeProcessingInitializeOnLoad (47ms)
			ProcessInitializeOnLoadAttributes (302ms)
			ProcessInitializeOnLoadMethodAttributes (91ms)
			AfterProcessingInitializeOnLoad (5ms)
			EditorAssembliesLoaded (0ms)
		ExecutionOrderSort2 (0ms)
		AwakeInstancesAfterBackupRestoration (5ms)
Refreshing native plugins compatible for Editor in 13.58 ms, found 14 plugins.
Preloading 0 native plugins for Editor in 0.00 ms.
Unloading 3199 Unused Serialized files (Serialized files now loaded: 0)
Unloading 17 unused Assets / (30.0 KB). Loaded Objects now: 3739.
Memory consumption went from 123.6 MB to 123.5 MB.
Total: 24.175700 ms (FindLiveObjects: 0.483700 ms CreateObjectMapping: 0.296800 ms MarkObjects: 23.299200 ms  DeleteObjects: 0.092500 ms)

Prepare: number of updated asset objects reloaded= 0
AssetImportParameters requested are different than current active one (requested -> active):
  custom:container-demuxer-ogg: 62fdf1f143b41e24485cea50d1cbac27 -> 
  custom:video-codec-MediaFoundation-h265: 746d11721c4dcdbdad8f713fa42b33f4 -> 
  custom:video-decoder-ogg-theora: a1e56fd34408186e4bbccfd4996cb3dc -> 
  custom:framework-win-MediaFoundation: 216162199b28c13a410421893ffa2e32 -> 
  custom:CustomObjectIndexerAttribute: 9a22284fe3817be447336de3de66b15e -> 
  custom:container-demuxer-webm: 4f35f7cbe854078d1ac9338744f61a02 -> 
  custom:container-muxer-webm: aa71ff27fc2769a1b78a27578f13a17b -> 
  custom:video-decoder-webm-vp8: 9c59270c3fd7afecdb556c50c9e8de78 -> 
  custom:SearchIndexIgnoredProperties: e643bd26f0fe6173181afceb89e7c659 -> 
  custom:AudioImporter_EditorPlatform: d09bf68614088b80899f8185d706f6e7 -> 
  custom:video-encoder-webm-vp8: eb34c28f22e8b96e1ab97ce403110664 -> 
  custom:audio-decoder-ogg-vorbis: bf7c407c2cedff20999df2af8eb42d56 -> 
  custom:audio-encoder-webm-vorbis: bf7c407c2cedff20999df2af8eb42d56 -> 
  custom:scripting/precompiled-assembly-types:Assembly-CSharp: d2538484d89499f8392126d2ad179df2 -> 5313747ca47b8e51a918774a7844fafe
========================================================================
Received Prepare
Caller must complete domain reload
Begin MonoManager ReloadAssembly
- Loaded All Assemblies, in  0.756 seconds
Native extension for WindowsStandalone target not found
Downloading https://github.com/undreamai/LlamaLib/releases/download/v1.2.1/undreamai-v1.2.1-llamacpp-full.zip to C:/Users/Usuario/AppData/Local/Temp/DefaultCompany/TFG Daniel\undreamai-v1.2.1-llamacpp-full.zip...
UnityEngine.StackTraceUtility:ExtractStackTrace ()
UnityEngine.DebugLogHandler:LogFormat (UnityEngine.LogType,UnityEngine.Object,string,object[])
UnityEngine.Logger:Log (UnityEngine.LogType,object)
UnityEngine.Debug:Log (object)
LLMUnity.LLMUnitySetup:Log (string) (at C:/Users/Usuario/Proyectos/TFG Daniel/Assets/LLMUnity/Runtime/LLMUnitySetup.cs:173)
LLMUnity.LLMUnitySetup/<DownloadFile>d__31:MoveNext () (at C:/Users/Usuario/Proyectos/TFG Daniel/Assets/LLMUnity/Runtime/LLMUnitySetup.cs:269)
System.Runtime.CompilerServices.AsyncTaskMethodBuilder:Start<LLMUnity.LLMUnitySetup/<DownloadFile>d__31> (LLMUnity.LLMUnitySetup/<DownloadFile>d__31&)
LLMUnity.LLMUnitySetup:DownloadFile (string,string,bool,LLMUnity.Callback`1<string>,LLMUnity.Callback`1<single>)
LLMUnity.LLMUnitySetup/<DownloadAndExtractInsideDirectory>d__41:MoveNext () (at C:/Users/Usuario/Proyectos/TFG Daniel/Assets/LLMUnity/Runtime/LLMUnitySetup.cs:407)
System.Runtime.CompilerServices.AsyncTaskMethodBuilder:Start<LLMUnity.LLMUnitySetup/<DownloadAndExtractInsideDirectory>d__41> (LLMUnity.LLMUnitySetup/<DownloadAndExtractInsideDirectory>d__41&)
LLMUnity.LLMUnitySetup:DownloadAndExtractInsideDirectory (string,string,string)
LLMUnity.LLMUnitySetup/<DownloadLibrary>d__43:MoveNext () (at C:/Users/Usuario/Proyectos/TFG Daniel/Assets/LLMUnity/Runtime/LLMUnitySetup.cs:459)
System.Runtime.CompilerServices.AsyncTaskMethodBuilder:Start<LLMUnity.LLMUnitySetup/<DownloadLibrary>d__43> (LLMUnity.LLMUnitySetup/<DownloadLibrary>d__43&)
LLMUnity.LLMUnitySetup:DownloadLibrary ()
LLMUnity.LLMUnitySetup/<InitializeOnLoad>d__28:MoveNext () (at C:/Users/Usuario/Proyectos/TFG Daniel/Assets/LLMUnity/Runtime/LLMUnitySetup.cs:237)
System.Runtime.CompilerServices.AsyncTaskMethodBuilder:Start<LLMUnity.LLMUnitySetup/<InitializeOnLoad>d__28> (LLMUnity.LLMUnitySetup/<InitializeOnLoad>d__28&)
LLMUnity.LLMUnitySetup:InitializeOnLoad ()
System.Reflection.RuntimeMethodInfo:Invoke (object,System.Reflection.BindingFlags,System.Reflection.Binder,object[],System.Globalization.CultureInfo)
System.Reflection.MethodBase:Invoke (object,object[])
UnityEditor.EditorAssemblies:ProcessInitializeOnLoadMethodAttributes ()

(Filename: C:/Users/Usuario/Proyectos/TFG Daniel/Assets/LLMUnity/Runtime/LLMUnitySetup.cs Line: 173)

Sharing violation on path C:\Users\Usuario\AppData\Local\Temp\DefaultCompany\TFG Daniel\undreamai-v1.2.1-llamacpp-full.zip
UnityEngine.StackTraceUtility:ExtractStackTrace ()
UnityEngine.DebugLogHandler:LogFormat (UnityEngine.LogType,UnityEngine.Object,string,object[])
UnityEngine.Logger:Log (UnityEngine.LogType,object)
UnityEngine.Debug:LogError (object)
LLMUnity.LLMUnitySetup:LogError (string) (at C:/Users/Usuario/Proyectos/TFG Daniel/Assets/LLMUnity/Runtime/LLMUnitySetup.cs:185)
LLMUnity.LLMUnitySetup/<DownloadLibrary>d__43:MoveNext () (at C:/Users/Usuario/Proyectos/TFG Daniel/Assets/LLMUnity/Runtime/LLMUnitySetup.cs:463)
System.Runtime.CompilerServices.AsyncTaskMethodBuilder:Start<LLMUnity.LLMUnitySetup/<DownloadLibrary>d__43> (LLMUnity.LLMUnitySetup/<DownloadLibrary>d__43&)
LLMUnity.LLMUnitySetup:DownloadLibrary ()
LLMUnity.LLMUnitySetup/<InitializeOnLoad>d__28:MoveNext () (at C:/Users/Usuario/Proyectos/TFG Daniel/Assets/LLMUnity/Runtime/LLMUnitySetup.cs:237)
System.Runtime.CompilerServices.AsyncTaskMethodBuilder:Start<LLMUnity.LLMUnitySetup/<InitializeOnLoad>d__28> (LLMUnity.LLMUnitySetup/<InitializeOnLoad>d__28&)
LLMUnity.LLMUnitySetup:InitializeOnLoad ()
System.Reflection.RuntimeMethodInfo:Invoke (object,System.Reflection.BindingFlags,System.Reflection.Binder,object[],System.Globalization.CultureInfo)
System.Reflection.MethodBase:Invoke (object,object[])
UnityEditor.EditorAssemblies:ProcessInitializeOnLoadMethodAttributes ()

(Filename: C:/Users/Usuario/Proyectos/TFG Daniel/Assets/LLMUnity/Runtime/LLMUnitySetup.cs Line: 185)

Mono: successfully reloaded assembly
- Finished resetting the current domain, in  0.808 seconds
Domain Reload Profiling: 1563ms
	BeginReloadAssembly (114ms)
		ExecutionOrderSort (0ms)
		DisableScriptedObjects (3ms)
		BackupInstance (0ms)
		ReleaseScriptingObjects (0ms)
		CreateAndSetChildDomain (29ms)
	RebuildCommonClasses (22ms)
	RebuildNativeTypeToScriptingClass (7ms)
	initialDomainReloadingComplete (42ms)
	LoadAllAssembliesAndSetupDomain (570ms)
		LoadAssemblies (615ms)
		RebuildTransferFunctionScriptingTraits (0ms)
		AnalyzeDomain (12ms)
			TypeCache.Refresh (6ms)
				TypeCache.ScanAssembly (0ms)
			ScanForSourceGeneratedMonoScriptInfo (0ms)
			ResolveRequiredComponents (5ms)
	FinalizeReload (808ms)
		ReleaseScriptCaches (0ms)
		RebuildScriptCaches (0ms)
		SetupLoadedEditorAssemblies (375ms)
			LogAssemblyErrors (0ms)
			InitializePlatformSupportModulesInManaged (6ms)
			SetLoadedEditorAssemblies (3ms)
			RefreshPlugins (0ms)
			BeforeProcessingInitializeOnLoad (43ms)
			ProcessInitializeOnLoadAttributes (266ms)
			ProcessInitializeOnLoadMethodAttributes (49ms)
			AfterProcessingInitializeOnLoad (8ms)
			EditorAssembliesLoaded (0ms)
		ExecutionOrderSort2 (0ms)
		AwakeInstancesAfterBackupRestoration (6ms)
Refreshing native plugins compatible for Editor in 19.95 ms, found 14 plugins.
Preloading 0 native plugins for Editor in 0.00 ms.
Unloading 3200 Unused Serialized files (Serialized files now loaded: 0)
Unloading 17 unused Assets / (30.1 KB). Loaded Objects now: 3743.
Memory consumption went from 123.8 MB to 123.8 MB.
Total: 3.888200 ms (FindLiveObjects: 0.341500 ms CreateObjectMapping: 0.147400 ms MarkObjects: 3.328000 ms  DeleteObjects: 0.069600 ms)

Prepare: number of updated asset objects reloaded= 0
AssetImportParameters requested are different than current active one (requested -> active):
  custom:container-demuxer-ogg: 62fdf1f143b41e24485cea50d1cbac27 -> 
  custom:video-codec-MediaFoundation-h265: 746d11721c4dcdbdad8f713fa42b33f4 -> 
  custom:video-decoder-ogg-theora: a1e56fd34408186e4bbccfd4996cb3dc -> 
  custom:framework-win-MediaFoundation: 216162199b28c13a410421893ffa2e32 -> 
  custom:CustomObjectIndexerAttribute: 9a22284fe3817be447336de3de66b15e -> 
  custom:container-demuxer-webm: 4f35f7cbe854078d1ac9338744f61a02 -> 
  custom:container-muxer-webm: aa71ff27fc2769a1b78a27578f13a17b -> 
  custom:video-decoder-webm-vp8: 9c59270c3fd7afecdb556c50c9e8de78 -> 
  custom:SearchIndexIgnoredProperties: e643bd26f0fe6173181afceb89e7c659 -> 
  custom:AudioImporter_EditorPlatform: d09bf68614088b80899f8185d706f6e7 -> 
  custom:video-encoder-webm-vp8: eb34c28f22e8b96e1ab97ce403110664 -> 
  custom:audio-decoder-ogg-vorbis: bf7c407c2cedff20999df2af8eb42d56 -> 
  custom:audio-encoder-webm-vorbis: bf7c407c2cedff20999df2af8eb42d56 -> 
  custom:scripting/precompiled-assembly-types:Assembly-CSharp: d2538484d89499f8392126d2ad179df2 -> 5313747ca47b8e51a918774a7844fafe
========================================================================
Received Prepare
Caller must complete domain reload
Begin MonoManager ReloadAssembly
- Loaded All Assemblies, in  0.405 seconds
Native extension for WindowsStandalone target not found
Downloading https://github.com/undreamai/LlamaLib/releases/download/v1.2.1/undreamai-v1.2.1-llamacpp-full.zip to C:/Users/Usuario/AppData/Local/Temp/DefaultCompany/TFG Daniel\undreamai-v1.2.1-llamacpp-full.zip...
UnityEngine.StackTraceUtility:ExtractStackTrace ()
UnityEngine.DebugLogHandler:LogFormat (UnityEngine.LogType,UnityEngine.Object,string,object[])
UnityEngine.Logger:Log (UnityEngine.LogType,object)
UnityEngine.Debug:Log (object)
LLMUnity.LLMUnitySetup:Log (string) (at C:/Users/Usuario/Proyectos/TFG Daniel/Assets/LLMUnity/Runtime/LLMUnitySetup.cs:173)
LLMUnity.LLMUnitySetup/<DownloadFile>d__31:MoveNext () (at C:/Users/Usuario/Proyectos/TFG Daniel/Assets/LLMUnity/Runtime/LLMUnitySetup.cs:269)
System.Runtime.CompilerServices.AsyncTaskMethodBuilder:Start<LLMUnity.LLMUnitySetup/<DownloadFile>d__31> (LLMUnity.LLMUnitySetup/<DownloadFile>d__31&)
LLMUnity.LLMUnitySetup:DownloadFile (string,string,bool,LLMUnity.Callback`1<string>,LLMUnity.Callback`1<single>)
LLMUnity.LLMUnitySetup/<DownloadAndExtractInsideDirectory>d__41:MoveNext () (at C:/Users/Usuario/Proyectos/TFG Daniel/Assets/LLMUnity/Runtime/LLMUnitySetup.cs:407)
System.Runtime.CompilerServices.AsyncTaskMethodBuilder:Start<LLMUnity.LLMUnitySetup/<DownloadAndExtractInsideDirectory>d__41> (LLMUnity.LLMUnitySetup/<DownloadAndExtractInsideDirectory>d__41&)
LLMUnity.LLMUnitySetup:DownloadAndExtractInsideDirectory (string,string,string)
LLMUnity.LLMUnitySetup/<DownloadLibrary>d__43:MoveNext () (at C:/Users/Usuario/Proyectos/TFG Daniel/Assets/LLMUnity/Runtime/LLMUnitySetup.cs:459)
System.Runtime.CompilerServices.AsyncTaskMethodBuilder:Start<LLMUnity.LLMUnitySetup/<DownloadLibrary>d__43> (LLMUnity.LLMUnitySetup/<DownloadLibrary>d__43&)
LLMUnity.LLMUnitySetup:DownloadLibrary ()
LLMUnity.LLMUnitySetup/<InitializeOnLoad>d__28:MoveNext () (at C:/Users/Usuario/Proyectos/TFG Daniel/Assets/LLMUnity/Runtime/LLMUnitySetup.cs:237)
System.Runtime.CompilerServices.AsyncTaskMethodBuilder:Start<LLMUnity.LLMUnitySetup/<InitializeOnLoad>d__28> (LLMUnity.LLMUnitySetup/<InitializeOnLoad>d__28&)
LLMUnity.LLMUnitySetup:InitializeOnLoad ()
System.Reflection.RuntimeMethodInfo:Invoke (object,System.Reflection.BindingFlags,System.Reflection.Binder,object[],System.Globalization.CultureInfo)
System.Reflection.MethodBase:Invoke (object,object[])
UnityEditor.EditorAssemblies:ProcessInitializeOnLoadMethodAttributes ()

(Filename: C:/Users/Usuario/Proyectos/TFG Daniel/Assets/LLMUnity/Runtime/LLMUnitySetup.cs Line: 173)

Sharing violation on path C:\Users\Usuario\AppData\Local\Temp\DefaultCompany\TFG Daniel\undreamai-v1.2.1-llamacpp-full.zip
UnityEngine.StackTraceUtility:ExtractStackTrace ()
UnityEngine.DebugLogHandler:LogFormat (UnityEngine.LogType,UnityEngine.Object,string,object[])
UnityEngine.Logger:Log (UnityEngine.LogType,object)
UnityEngine.Debug:LogError (object)
LLMUnity.LLMUnitySetup:LogError (string) (at C:/Users/Usuario/Proyectos/TFG Daniel/Assets/LLMUnity/Runtime/LLMUnitySetup.cs:185)
LLMUnity.LLMUnitySetup/<DownloadLibrary>d__43:MoveNext () (at C:/Users/Usuario/Proyectos/TFG Daniel/Assets/LLMUnity/Runtime/LLMUnitySetup.cs:463)
System.Runtime.CompilerServices.AsyncTaskMethodBuilder:Start<LLMUnity.LLMUnitySetup/<DownloadLibrary>d__43> (LLMUnity.LLMUnitySetup/<DownloadLibrary>d__43&)
LLMUnity.LLMUnitySetup:DownloadLibrary ()
LLMUnity.LLMUnitySetup/<InitializeOnLoad>d__28:MoveNext () (at C:/Users/Usuario/Proyectos/TFG Daniel/Assets/LLMUnity/Runtime/LLMUnitySetup.cs:237)
System.Runtime.CompilerServices.AsyncTaskMethodBuilder:Start<LLMUnity.LLMUnitySetup/<InitializeOnLoad>d__28> (LLMUnity.LLMUnitySetup/<InitializeOnLoad>d__28&)
LLMUnity.LLMUnitySetup:InitializeOnLoad ()
System.Reflection.RuntimeMethodInfo:Invoke (object,System.Reflection.BindingFlags,System.Reflection.Binder,object[],System.Globalization.CultureInfo)
System.Reflection.MethodBase:Invoke (object,object[])
UnityEditor.EditorAssemblies:ProcessInitializeOnLoadMethodAttributes ()

(Filename: C:/Users/Usuario/Proyectos/TFG Daniel/Assets/LLMUnity/Runtime/LLMUnitySetup.cs Line: 185)

Mono: successfully reloaded assembly
- Finished resetting the current domain, in  0.689 seconds
Domain Reload Profiling: 1092ms
	BeginReloadAssembly (122ms)
		ExecutionOrderSort (0ms)
		DisableScriptedObjects (3ms)
		BackupInstance (0ms)
		ReleaseScriptingObjects (0ms)
		CreateAndSetChildDomain (29ms)
	RebuildCommonClasses (22ms)
	RebuildNativeTypeToScriptingClass (8ms)
	initialDomainReloadingComplete (43ms)
	LoadAllAssembliesAndSetupDomain (208ms)
		LoadAssemblies (262ms)
		RebuildTransferFunctionScriptingTraits (0ms)
		AnalyzeDomain (11ms)
			TypeCache.Refresh (5ms)
				TypeCache.ScanAssembly (0ms)
			ScanForSourceGeneratedMonoScriptInfo (0ms)
			ResolveRequiredComponents (4ms)
	FinalizeReload (689ms)
		ReleaseScriptCaches (0ms)
		RebuildScriptCaches (0ms)
		SetupLoadedEditorAssemblies (345ms)
			LogAssemblyErrors (0ms)
			InitializePlatformSupportModulesInManaged (5ms)
			SetLoadedEditorAssemblies (2ms)
			RefreshPlugins (0ms)
			BeforeProcessingInitializeOnLoad (38ms)
			ProcessInitializeOnLoadAttributes (247ms)
			ProcessInitializeOnLoadMethodAttributes (48ms)
			AfterProcessingInitializeOnLoad (6ms)
			EditorAssembliesLoaded (0ms)
		ExecutionOrderSort2 (0ms)
		AwakeInstancesAfterBackupRestoration (6ms)
Refreshing native plugins compatible for Editor in 12.90 ms, found 14 plugins.
Preloading 0 native plugins for Editor in 0.00 ms.
Unloading 3200 Unused Serialized files (Serialized files now loaded: 0)
Unloading 17 unused Assets / (30.1 KB). Loaded Objects now: 3747.
Memory consumption went from 123.8 MB to 123.8 MB.
Total: 4.031500 ms (FindLiveObjects: 0.249100 ms CreateObjectMapping: 0.154500 ms MarkObjects: 3.549200 ms  DeleteObjects: 0.075700 ms)

Prepare: number of updated asset objects reloaded= 0
AssetImportParameters requested are different than current active one (requested -> active):
  custom:container-demuxer-ogg: 62fdf1f143b41e24485cea50d1cbac27 -> 
  custom:video-codec-MediaFoundation-h265: 746d11721c4dcdbdad8f713fa42b33f4 -> 
  custom:video-decoder-ogg-theora: a1e56fd34408186e4bbccfd4996cb3dc -> 
  custom:framework-win-MediaFoundation: 216162199b28c13a410421893ffa2e32 -> 
  custom:CustomObjectIndexerAttribute: 9a22284fe3817be447336de3de66b15e -> 
  custom:container-demuxer-webm: 4f35f7cbe854078d1ac9338744f61a02 -> 
  custom:container-muxer-webm: aa71ff27fc2769a1b78a27578f13a17b -> 
  custom:video-decoder-webm-vp8: 9c59270c3fd7afecdb556c50c9e8de78 -> 
  custom:SearchIndexIgnoredProperties: e643bd26f0fe6173181afceb89e7c659 -> 
  custom:AudioImporter_EditorPlatform: d09bf68614088b80899f8185d706f6e7 -> 
  custom:video-encoder-webm-vp8: eb34c28f22e8b96e1ab97ce403110664 -> 
  custom:audio-decoder-ogg-vorbis: bf7c407c2cedff20999df2af8eb42d56 -> 
  custom:audio-encoder-webm-vorbis: bf7c407c2cedff20999df2af8eb42d56 -> 
  custom:scripting/precompiled-assembly-types:Assembly-CSharp: d2538484d89499f8392126d2ad179df2 -> 5313747ca47b8e51a918774a7844fafe
========================================================================
Received Prepare
Caller must complete domain reload
Begin MonoManager ReloadAssembly
- Loaded All Assemblies, in  0.403 seconds
Native extension for WindowsStandalone target not found
Downloading https://github.com/undreamai/LlamaLib/releases/download/v1.2.1/undreamai-v1.2.1-llamacpp-full.zip to C:/Users/Usuario/AppData/Local/Temp/DefaultCompany/TFG Daniel\undreamai-v1.2.1-llamacpp-full.zip...
UnityEngine.StackTraceUtility:ExtractStackTrace ()
UnityEngine.DebugLogHandler:LogFormat (UnityEngine.LogType,UnityEngine.Object,string,object[])
UnityEngine.Logger:Log (UnityEngine.LogType,object)
UnityEngine.Debug:Log (object)
LLMUnity.LLMUnitySetup:Log (string) (at C:/Users/Usuario/Proyectos/TFG Daniel/Assets/LLMUnity/Runtime/LLMUnitySetup.cs:173)
LLMUnity.LLMUnitySetup/<DownloadFile>d__31:MoveNext () (at C:/Users/Usuario/Proyectos/TFG Daniel/Assets/LLMUnity/Runtime/LLMUnitySetup.cs:269)
System.Runtime.CompilerServices.AsyncTaskMethodBuilder:Start<LLMUnity.LLMUnitySetup/<DownloadFile>d__31> (LLMUnity.LLMUnitySetup/<DownloadFile>d__31&)
LLMUnity.LLMUnitySetup:DownloadFile (string,string,bool,LLMUnity.Callback`1<string>,LLMUnity.Callback`1<single>)
LLMUnity.LLMUnitySetup/<DownloadAndExtractInsideDirectory>d__41:MoveNext () (at C:/Users/Usuario/Proyectos/TFG Daniel/Assets/LLMUnity/Runtime/LLMUnitySetup.cs:407)
System.Runtime.CompilerServices.AsyncTaskMethodBuilder:Start<LLMUnity.LLMUnitySetup/<DownloadAndExtractInsideDirectory>d__41> (LLMUnity.LLMUnitySetup/<DownloadAndExtractInsideDirectory>d__41&)
LLMUnity.LLMUnitySetup:DownloadAndExtractInsideDirectory (string,string,string)
LLMUnity.LLMUnitySetup/<DownloadLibrary>d__43:MoveNext () (at C:/Users/Usuario/Proyectos/TFG Daniel/Assets/LLMUnity/Runtime/LLMUnitySetup.cs:459)
System.Runtime.CompilerServices.AsyncTaskMethodBuilder:Start<LLMUnity.LLMUnitySetup/<DownloadLibrary>d__43> (LLMUnity.LLMUnitySetup/<DownloadLibrary>d__43&)
LLMUnity.LLMUnitySetup:DownloadLibrary ()
LLMUnity.LLMUnitySetup/<InitializeOnLoad>d__28:MoveNext () (at C:/Users/Usuario/Proyectos/TFG Daniel/Assets/LLMUnity/Runtime/LLMUnitySetup.cs:237)
System.Runtime.CompilerServices.AsyncTaskMethodBuilder:Start<LLMUnity.LLMUnitySetup/<InitializeOnLoad>d__28> (LLMUnity.LLMUnitySetup/<InitializeOnLoad>d__28&)
LLMUnity.LLMUnitySetup:InitializeOnLoad ()
System.Reflection.RuntimeMethodInfo:Invoke (object,System.Reflection.BindingFlags,System.Reflection.Binder,object[],System.Globalization.CultureInfo)
System.Reflection.MethodBase:Invoke (object,object[])
UnityEditor.EditorAssemblies:ProcessInitializeOnLoadMethodAttributes ()

(Filename: C:/Users/Usuario/Proyectos/TFG Daniel/Assets/LLMUnity/Runtime/LLMUnitySetup.cs Line: 173)

Sharing violation on path C:\Users\Usuario\AppData\Local\Temp\DefaultCompany\TFG Daniel\undreamai-v1.2.1-llamacpp-full.zip
UnityEngine.StackTraceUtility:ExtractStackTrace ()
UnityEngine.DebugLogHandler:LogFormat (UnityEngine.LogType,UnityEngine.Object,string,object[])
UnityEngine.Logger:Log (UnityEngine.LogType,object)
UnityEngine.Debug:LogError (object)
LLMUnity.LLMUnitySetup:LogError (string) (at C:/Users/Usuario/Proyectos/TFG Daniel/Assets/LLMUnity/Runtime/LLMUnitySetup.cs:185)
LLMUnity.LLMUnitySetup/<DownloadLibrary>d__43:MoveNext () (at C:/Users/Usuario/Proyectos/TFG Daniel/Assets/LLMUnity/Runtime/LLMUnitySetup.cs:463)
System.Runtime.CompilerServices.AsyncTaskMethodBuilder:Start<LLMUnity.LLMUnitySetup/<DownloadLibrary>d__43> (LLMUnity.LLMUnitySetup/<DownloadLibrary>d__43&)
LLMUnity.LLMUnitySetup:DownloadLibrary ()
LLMUnity.LLMUnitySetup/<InitializeOnLoad>d__28:MoveNext () (at C:/Users/Usuario/Proyectos/TFG Daniel/Assets/LLMUnity/Runtime/LLMUnitySetup.cs:237)
System.Runtime.CompilerServices.AsyncTaskMethodBuilder:Start<LLMUnity.LLMUnitySetup/<InitializeOnLoad>d__28> (LLMUnity.LLMUnitySetup/<InitializeOnLoad>d__28&)
LLMUnity.LLMUnitySetup:InitializeOnLoad ()
System.Reflection.RuntimeMethodInfo:Invoke (object,System.Reflection.BindingFlags,System.Reflection.Binder,object[],System.Globalization.CultureInfo)
System.Reflection.MethodBase:Invoke (object,object[])
UnityEditor.EditorAssemblies:ProcessInitializeOnLoadMethodAttributes ()

(Filename: C:/Users/Usuario/Proyectos/TFG Daniel/Assets/LLMUnity/Runtime/LLMUnitySetup.cs Line: 185)

Mono: successfully reloaded assembly
- Finished resetting the current domain, in  1.037 seconds
Domain Reload Profiling: 1439ms
	BeginReloadAssembly (121ms)
		ExecutionOrderSort (0ms)
		DisableScriptedObjects (3ms)
		BackupInstance (0ms)
		ReleaseScriptingObjects (0ms)
		CreateAndSetChildDomain (33ms)
	RebuildCommonClasses (22ms)
	RebuildNativeTypeToScriptingClass (7ms)
	initialDomainReloadingComplete (44ms)
	LoadAllAssembliesAndSetupDomain (207ms)
		LoadAssemblies (257ms)
		RebuildTransferFunctionScriptingTraits (0ms)
		AnalyzeDomain (11ms)
			TypeCache.Refresh (5ms)
				TypeCache.ScanAssembly (0ms)
			ScanForSourceGeneratedMonoScriptInfo (0ms)
			ResolveRequiredComponents (4ms)
	FinalizeReload (1037ms)
		ReleaseScriptCaches (0ms)
		RebuildScriptCaches (0ms)
		SetupLoadedEditorAssemblies (486ms)
			LogAssemblyErrors (0ms)
			InitializePlatformSupportModulesInManaged (5ms)
			SetLoadedEditorAssemblies (2ms)
			RefreshPlugins (0ms)
			BeforeProcessingInitializeOnLoad (41ms)
			ProcessInitializeOnLoadAttributes (274ms)
			ProcessInitializeOnLoadMethodAttributes (141ms)
			AfterProcessingInitializeOnLoad (21ms)
			EditorAssembliesLoaded (2ms)
		ExecutionOrderSort2 (1ms)
		AwakeInstancesAfterBackupRestoration (23ms)
Refreshing native plugins compatible for Editor in 11.07 ms, found 14 plugins.
Preloading 0 native plugins for Editor in 0.00 ms.
Unloading 3200 Unused Serialized files (Serialized files now loaded: 0)
Unloading 17 unused Assets / (30.1 KB). Loaded Objects now: 3751.
Memory consumption went from 123.9 MB to 123.8 MB.
Total: 4.351100 ms (FindLiveObjects: 0.577100 ms CreateObjectMapping: 0.087100 ms MarkObjects: 3.604200 ms  DeleteObjects: 0.081300 ms)

Prepare: number of updated asset objects reloaded= 0
AssetImportParameters requested are different than current active one (requested -> active):
  custom:container-demuxer-ogg: 62fdf1f143b41e24485cea50d1cbac27 -> 
  custom:video-codec-MediaFoundation-h265: 746d11721c4dcdbdad8f713fa42b33f4 -> 
  custom:video-decoder-ogg-theora: a1e56fd34408186e4bbccfd4996cb3dc -> 
  custom:framework-win-MediaFoundation: 216162199b28c13a410421893ffa2e32 -> 
  custom:CustomObjectIndexerAttribute: 9a22284fe3817be447336de3de66b15e -> 
  custom:container-demuxer-webm: 4f35f7cbe854078d1ac9338744f61a02 -> 
  custom:container-muxer-webm: aa71ff27fc2769a1b78a27578f13a17b -> 
  custom:video-decoder-webm-vp8: 9c59270c3fd7afecdb556c50c9e8de78 -> 
  custom:SearchIndexIgnoredProperties: e643bd26f0fe6173181afceb89e7c659 -> 
  custom:AudioImporter_EditorPlatform: d09bf68614088b80899f8185d706f6e7 -> 
  custom:video-encoder-webm-vp8: eb34c28f22e8b96e1ab97ce403110664 -> 
  custom:audio-decoder-ogg-vorbis: bf7c407c2cedff20999df2af8eb42d56 -> 
  custom:audio-encoder-webm-vorbis: bf7c407c2cedff20999df2af8eb42d56 -> 
  custom:scripting/precompiled-assembly-types:Assembly-CSharp: d2538484d89499f8392126d2ad179df2 -> 5313747ca47b8e51a918774a7844fafe
========================================================================
Received Import Request.
  Time since last request: 376.327169 seconds.
  path: Assets/GUIA PARA MEMORIA.txt
  artifactKey: Guid(9b8e56be4bce06344aabf9ed8945e1d7) Importer(815301076,1909f56bfc062723c751e8b465ee728b)
Start importing Assets/GUIA PARA MEMORIA.txt using Guid(9b8e56be4bce06344aabf9ed8945e1d7) Importer(815301076,1909f56bfc062723c751e8b465ee728b) [PhysX] Initialized MultithreadedTaskDispatcher with 20 workers.
 -> (artifact id: '39cb8f6b56a22d4cf13e839c9fa4c4dc') in 0.015862 seconds
Number of updated asset objects reloaded before import = 0
Number of asset objects unloaded after import = 1
========================================================================
Received Prepare
Caller must complete domain reload
Begin MonoManager ReloadAssembly
- Loaded All Assemblies, in  0.402 seconds
Native extension for WindowsStandalone target not found
Mono: successfully reloaded assembly
- Finished resetting the current domain, in  0.695 seconds
Domain Reload Profiling: 1096ms
	BeginReloadAssembly (121ms)
		ExecutionOrderSort (0ms)
		DisableScriptedObjects (3ms)
		BackupInstance (0ms)
		ReleaseScriptingObjects (0ms)
		CreateAndSetChildDomain (33ms)
	RebuildCommonClasses (22ms)
	RebuildNativeTypeToScriptingClass (7ms)
	initialDomainReloadingComplete (41ms)
	LoadAllAssembliesAndSetupDomain (209ms)
		LoadAssemblies (259ms)
		RebuildTransferFunctionScriptingTraits (0ms)
		AnalyzeDomain (11ms)
			TypeCache.Refresh (5ms)
				TypeCache.ScanAssembly (0ms)
			ScanForSourceGeneratedMonoScriptInfo (0ms)
			ResolveRequiredComponents (4ms)
	FinalizeReload (695ms)
		ReleaseScriptCaches (0ms)
		RebuildScriptCaches (0ms)
		SetupLoadedEditorAssemblies (350ms)
			LogAssemblyErrors (0ms)
			InitializePlatformSupportModulesInManaged (5ms)
			SetLoadedEditorAssemblies (3ms)
			RefreshPlugins (0ms)
			BeforeProcessingInitializeOnLoad (44ms)
			ProcessInitializeOnLoadAttributes (265ms)
			ProcessInitializeOnLoadMethodAttributes (25ms)
			AfterProcessingInitializeOnLoad (7ms)
			EditorAssembliesLoaded (0ms)
		ExecutionOrderSort2 (0ms)
		AwakeInstancesAfterBackupRestoration (5ms)
Refreshing native plugins compatible for Editor in 11.67 ms, found 14 plugins.
Preloading 0 native plugins for Editor in 0.00 ms.
Unloading 3199 Unused Serialized files (Serialized files now loaded: 0)
Unloading 17 unused Assets / (30.1 KB). Loaded Objects now: 3756.
Memory consumption went from 123.6 MB to 123.6 MB.
Total: 4.262200 ms (FindLiveObjects: 0.290700 ms CreateObjectMapping: 0.233100 ms MarkObjects: 3.658200 ms  DeleteObjects: 0.077800 ms)

Prepare: number of updated asset objects reloaded= 0
AssetImportParameters requested are different than current active one (requested -> active):
  custom:container-demuxer-ogg: 62fdf1f143b41e24485cea50d1cbac27 -> 
  custom:video-codec-MediaFoundation-h265: 746d11721c4dcdbdad8f713fa42b33f4 -> 
  custom:video-decoder-ogg-theora: a1e56fd34408186e4bbccfd4996cb3dc -> 
  custom:framework-win-MediaFoundation: 216162199b28c13a410421893ffa2e32 -> 
  custom:CustomObjectIndexerAttribute: 9a22284fe3817be447336de3de66b15e -> 
  custom:container-demuxer-webm: 4f35f7cbe854078d1ac9338744f61a02 -> 
  custom:container-muxer-webm: aa71ff27fc2769a1b78a27578f13a17b -> 
  custom:video-decoder-webm-vp8: 9c59270c3fd7afecdb556c50c9e8de78 -> 
  custom:SearchIndexIgnoredProperties: e643bd26f0fe6173181afceb89e7c659 -> 
  custom:AudioImporter_EditorPlatform: d09bf68614088b80899f8185d706f6e7 -> 
  custom:video-encoder-webm-vp8: eb34c28f22e8b96e1ab97ce403110664 -> 
  custom:audio-decoder-ogg-vorbis: bf7c407c2cedff20999df2af8eb42d56 -> 
  custom:audio-encoder-webm-vorbis: bf7c407c2cedff20999df2af8eb42d56 -> 
  custom:scripting/precompiled-assembly-types:Assembly-CSharp: d2538484d89499f8392126d2ad179df2 -> 5313747ca47b8e51a918774a7844fafe
========================================================================
Received Prepare
Caller must complete domain reload
Begin MonoManager ReloadAssembly
- Loaded All Assemblies, in  0.396 seconds
Native extension for WindowsStandalone target not found
Mono: successfully reloaded assembly
- Finished resetting the current domain, in  0.673 seconds
Domain Reload Profiling: 1069ms
	BeginReloadAssembly (116ms)
		ExecutionOrderSort (0ms)
		DisableScriptedObjects (3ms)
		BackupInstance (0ms)
		ReleaseScriptingObjects (0ms)
		CreateAndSetChildDomain (30ms)
	RebuildCommonClasses (24ms)
	RebuildNativeTypeToScriptingClass (7ms)
	initialDomainReloadingComplete (41ms)
	LoadAllAssembliesAndSetupDomain (207ms)
		LoadAssemblies (254ms)
		RebuildTransferFunctionScriptingTraits (0ms)
		AnalyzeDomain (11ms)
			TypeCache.Refresh (4ms)
				TypeCache.ScanAssembly (0ms)
			ScanForSourceGeneratedMonoScriptInfo (0ms)
			ResolveRequiredComponents (4ms)
	FinalizeReload (674ms)
		ReleaseScriptCaches (0ms)
		RebuildScriptCaches (0ms)
		SetupLoadedEditorAssemblies (345ms)
			LogAssemblyErrors (0ms)
			InitializePlatformSupportModulesInManaged (5ms)
			SetLoadedEditorAssemblies (2ms)
			RefreshPlugins (0ms)
			BeforeProcessingInitializeOnLoad (45ms)
			ProcessInitializeOnLoadAttributes (259ms)
			ProcessInitializeOnLoadMethodAttributes (26ms)
			AfterProcessingInitializeOnLoad (8ms)
			EditorAssembliesLoaded (0ms)
		ExecutionOrderSort2 (0ms)
		AwakeInstancesAfterBackupRestoration (5ms)
Refreshing native plugins compatible for Editor in 10.69 ms, found 14 plugins.
Preloading 0 native plugins for Editor in 0.00 ms.
Unloading 3200 Unused Serialized files (Serialized files now loaded: 0)
Unloading 17 unused Assets / (30.0 KB). Loaded Objects now: 3760.
Memory consumption went from 123.9 MB to 123.8 MB.
Total: 4.504800 ms (FindLiveObjects: 0.254200 ms CreateObjectMapping: 0.193300 ms MarkObjects: 3.997600 ms  DeleteObjects: 0.058300 ms)

Prepare: number of updated asset objects reloaded= 0
AssetImportParameters requested are different than current active one (requested -> active):
  custom:container-demuxer-ogg: 62fdf1f143b41e24485cea50d1cbac27 -> 
  custom:video-codec-MediaFoundation-h265: 746d11721c4dcdbdad8f713fa42b33f4 -> 
  custom:video-decoder-ogg-theora: a1e56fd34408186e4bbccfd4996cb3dc -> 
  custom:framework-win-MediaFoundation: 216162199b28c13a410421893ffa2e32 -> 
  custom:CustomObjectIndexerAttribute: 9a22284fe3817be447336de3de66b15e -> 
  custom:container-demuxer-webm: 4f35f7cbe854078d1ac9338744f61a02 -> 
  custom:container-muxer-webm: aa71ff27fc2769a1b78a27578f13a17b -> 
  custom:video-decoder-webm-vp8: 9c59270c3fd7afecdb556c50c9e8de78 -> 
  custom:SearchIndexIgnoredProperties: e643bd26f0fe6173181afceb89e7c659 -> 
  custom:AudioImporter_EditorPlatform: d09bf68614088b80899f8185d706f6e7 -> 
  custom:video-encoder-webm-vp8: eb34c28f22e8b96e1ab97ce403110664 -> 
  custom:audio-decoder-ogg-vorbis: bf7c407c2cedff20999df2af8eb42d56 -> 
  custom:audio-encoder-webm-vorbis: bf7c407c2cedff20999df2af8eb42d56 -> 
  custom:scripting/precompiled-assembly-types:Assembly-CSharp: d2538484d89499f8392126d2ad179df2 -> 5313747ca47b8e51a918774a7844fafe
========================================================================
Received Prepare
Caller must complete domain reload
Begin MonoManager ReloadAssembly
- Loaded All Assemblies, in  0.386 seconds
Native extension for WindowsStandalone target not found
Mono: successfully reloaded assembly
- Finished resetting the current domain, in  0.664 seconds
Domain Reload Profiling: 1050ms
	BeginReloadAssembly (112ms)
		ExecutionOrderSort (0ms)
		DisableScriptedObjects (3ms)
		BackupInstance (0ms)
		ReleaseScriptingObjects (0ms)
		CreateAndSetChildDomain (27ms)
	RebuildCommonClasses (22ms)
	RebuildNativeTypeToScriptingClass (8ms)
	initialDomainReloadingComplete (41ms)
	LoadAllAssembliesAndSetupDomain (202ms)
		LoadAssemblies (248ms)
		RebuildTransferFunctionScriptingTraits (0ms)
		AnalyzeDomain (11ms)
			TypeCache.Refresh (5ms)
				TypeCache.ScanAssembly (0ms)
			ScanForSourceGeneratedMonoScriptInfo (0ms)
			ResolveRequiredComponents (4ms)
	FinalizeReload (665ms)
		ReleaseScriptCaches (0ms)
		RebuildScriptCaches (0ms)
		SetupLoadedEditorAssemblies (333ms)
			LogAssemblyErrors (0ms)
			InitializePlatformSupportModulesInManaged (6ms)
			SetLoadedEditorAssemblies (2ms)
			RefreshPlugins (0ms)
			BeforeProcessingInitializeOnLoad (41ms)
			ProcessInitializeOnLoadAttributes (251ms)
			ProcessInitializeOnLoadMethodAttributes (25ms)
			AfterProcessingInitializeOnLoad (7ms)
			EditorAssembliesLoaded (0ms)
		ExecutionOrderSort2 (0ms)
		AwakeInstancesAfterBackupRestoration (5ms)
Refreshing native plugins compatible for Editor in 10.52 ms, found 14 plugins.
Preloading 0 native plugins for Editor in 0.00 ms.
Unloading 3200 Unused Serialized files (Serialized files now loaded: 0)
Unloading 17 unused Assets / (30.0 KB). Loaded Objects now: 3764.
Memory consumption went from 123.9 MB to 123.8 MB.
Total: 4.728500 ms (FindLiveObjects: 0.341900 ms CreateObjectMapping: 0.154900 ms MarkObjects: 4.173000 ms  DeleteObjects: 0.057300 ms)

Prepare: number of updated asset objects reloaded= 0
AssetImportParameters requested are different than current active one (requested -> active):
  custom:container-demuxer-ogg: 62fdf1f143b41e24485cea50d1cbac27 -> 
  custom:video-codec-MediaFoundation-h265: 746d11721c4dcdbdad8f713fa42b33f4 -> 
  custom:video-decoder-ogg-theora: a1e56fd34408186e4bbccfd4996cb3dc -> 
  custom:framework-win-MediaFoundation: 216162199b28c13a410421893ffa2e32 -> 
  custom:CustomObjectIndexerAttribute: 9a22284fe3817be447336de3de66b15e -> 
  custom:container-demuxer-webm: 4f35f7cbe854078d1ac9338744f61a02 -> 
  custom:container-muxer-webm: aa71ff27fc2769a1b78a27578f13a17b -> 
  custom:video-decoder-webm-vp8: 9c59270c3fd7afecdb556c50c9e8de78 -> 
  custom:SearchIndexIgnoredProperties: e643bd26f0fe6173181afceb89e7c659 -> 
  custom:AudioImporter_EditorPlatform: d09bf68614088b80899f8185d706f6e7 -> 
  custom:video-encoder-webm-vp8: eb34c28f22e8b96e1ab97ce403110664 -> 
  custom:audio-decoder-ogg-vorbis: bf7c407c2cedff20999df2af8eb42d56 -> 
  custom:audio-encoder-webm-vorbis: bf7c407c2cedff20999df2af8eb42d56 -> 
  custom:scripting/precompiled-assembly-types:Assembly-CSharp: d2538484d89499f8392126d2ad179df2 -> 5313747ca47b8e51a918774a7844fafe
========================================================================
Received Prepare
Caller must complete domain reload
Begin MonoManager ReloadAssembly
- Loaded All Assemblies, in  0.747 seconds
Native extension for WindowsStandalone target not found
Mono: successfully reloaded assembly
- Finished resetting the current domain, in  1.223 seconds
Domain Reload Profiling: 1967ms
	BeginReloadAssembly (181ms)
		ExecutionOrderSort (0ms)
		DisableScriptedObjects (5ms)
		BackupInstance (0ms)
		ReleaseScriptingObjects (0ms)
		CreateAndSetChildDomain (39ms)
	RebuildCommonClasses (39ms)
	RebuildNativeTypeToScriptingClass (13ms)
	initialDomainReloadingComplete (71ms)
	LoadAllAssembliesAndSetupDomain (439ms)
		LoadAssemblies (508ms)
		RebuildTransferFunctionScriptingTraits (0ms)
		AnalyzeDomain (33ms)
			TypeCache.Refresh (12ms)
				TypeCache.ScanAssembly (2ms)
			ScanForSourceGeneratedMonoScriptInfo (10ms)
			ResolveRequiredComponents (9ms)
	FinalizeReload (1224ms)
		ReleaseScriptCaches (0ms)
		RebuildScriptCaches (0ms)
		SetupLoadedEditorAssemblies (513ms)
			LogAssemblyErrors (0ms)
			InitializePlatformSupportModulesInManaged (10ms)
			SetLoadedEditorAssemblies (4ms)
			RefreshPlugins (0ms)
			BeforeProcessingInitializeOnLoad (68ms)
			ProcessInitializeOnLoadAttributes (379ms)
			ProcessInitializeOnLoadMethodAttributes (41ms)
			AfterProcessingInitializeOnLoad (11ms)
			EditorAssembliesLoaded (0ms)
		ExecutionOrderSort2 (0ms)
		AwakeInstancesAfterBackupRestoration (9ms)
Refreshing native plugins compatible for Editor in 16.41 ms, found 14 plugins.
Preloading 0 native plugins for Editor in 0.00 ms.
Unloading 3200 Unused Serialized files (Serialized files now loaded: 0)
Unloading 17 unused Assets / (30.1 KB). Loaded Objects now: 3768.
Memory consumption went from 123.9 MB to 123.8 MB.
Total: 3.761300 ms (FindLiveObjects: 0.440300 ms CreateObjectMapping: 0.130400 ms MarkObjects: 3.145900 ms  DeleteObjects: 0.043600 ms)

Prepare: number of updated asset objects reloaded= 0
AssetImportParameters requested are different than current active one (requested -> active):
  custom:container-demuxer-ogg: 62fdf1f143b41e24485cea50d1cbac27 -> 
  custom:video-codec-MediaFoundation-h265: 746d11721c4dcdbdad8f713fa42b33f4 -> 
  custom:video-decoder-ogg-theora: a1e56fd34408186e4bbccfd4996cb3dc -> 
  custom:framework-win-MediaFoundation: 216162199b28c13a410421893ffa2e32 -> 
  custom:CustomObjectIndexerAttribute: 9a22284fe3817be447336de3de66b15e -> 
  custom:container-demuxer-webm: 4f35f7cbe854078d1ac9338744f61a02 -> 
  custom:container-muxer-webm: aa71ff27fc2769a1b78a27578f13a17b -> 
  custom:video-decoder-webm-vp8: 9c59270c3fd7afecdb556c50c9e8de78 -> 
  custom:SearchIndexIgnoredProperties: e643bd26f0fe6173181afceb89e7c659 -> 
  custom:AudioImporter_EditorPlatform: d09bf68614088b80899f8185d706f6e7 -> 
  custom:video-encoder-webm-vp8: eb34c28f22e8b96e1ab97ce403110664 -> 
  custom:audio-decoder-ogg-vorbis: bf7c407c2cedff20999df2af8eb42d56 -> 
  custom:audio-encoder-webm-vorbis: bf7c407c2cedff20999df2af8eb42d56 -> 
  custom:scripting/precompiled-assembly-types:Assembly-CSharp: d2538484d89499f8392126d2ad179df2 -> 5313747ca47b8e51a918774a7844fafe
========================================================================
Received Prepare
Caller must complete domain reload
Begin MonoManager ReloadAssembly
- Loaded All Assemblies, in  0.386 seconds
Native extension for WindowsStandalone target not found
Mono: successfully reloaded assembly
- Finished resetting the current domain, in  0.662 seconds
Domain Reload Profiling: 1047ms
	BeginReloadAssembly (111ms)
		ExecutionOrderSort (0ms)
		DisableScriptedObjects (3ms)
		BackupInstance (0ms)
		ReleaseScriptingObjects (0ms)
		CreateAndSetChildDomain (27ms)
	RebuildCommonClasses (23ms)
	RebuildNativeTypeToScriptingClass (7ms)
	initialDomainReloadingComplete (41ms)
	LoadAllAssembliesAndSetupDomain (203ms)
		LoadAssemblies (249ms)
		RebuildTransferFunctionScriptingTraits (0ms)
		AnalyzeDomain (11ms)
			TypeCache.Refresh (4ms)
				TypeCache.ScanAssembly (0ms)
			ScanForSourceGeneratedMonoScriptInfo (0ms)
			ResolveRequiredComponents (4ms)
	FinalizeReload (662ms)
		ReleaseScriptCaches (0ms)
		RebuildScriptCaches (0ms)
		SetupLoadedEditorAssemblies (328ms)
			LogAssemblyErrors (0ms)
			InitializePlatformSupportModulesInManaged (6ms)
			SetLoadedEditorAssemblies (2ms)
			RefreshPlugins (0ms)
			BeforeProcessingInitializeOnLoad (40ms)
			ProcessInitializeOnLoadAttributes (246ms)
			ProcessInitializeOnLoadMethodAttributes (26ms)
			AfterProcessingInitializeOnLoad (8ms)
			EditorAssembliesLoaded (0ms)
		ExecutionOrderSort2 (0ms)
		AwakeInstancesAfterBackupRestoration (5ms)
Refreshing native plugins compatible for Editor in 10.27 ms, found 14 plugins.
Preloading 0 native plugins for Editor in 0.00 ms.
Unloading 3200 Unused Serialized files (Serialized files now loaded: 0)
Unloading 17 unused Assets / (30.0 KB). Loaded Objects now: 3772.
Memory consumption went from 123.9 MB to 123.8 MB.
Total: 4.646700 ms (FindLiveObjects: 0.345400 ms CreateObjectMapping: 0.249600 ms MarkObjects: 3.967300 ms  DeleteObjects: 0.080600 ms)

Prepare: number of updated asset objects reloaded= 0
AssetImportParameters requested are different than current active one (requested -> active):
  custom:container-demuxer-ogg: 62fdf1f143b41e24485cea50d1cbac27 -> 
  custom:video-codec-MediaFoundation-h265: 746d11721c4dcdbdad8f713fa42b33f4 -> 
  custom:video-decoder-ogg-theora: a1e56fd34408186e4bbccfd4996cb3dc -> 
  custom:framework-win-MediaFoundation: 216162199b28c13a410421893ffa2e32 -> 
  custom:CustomObjectIndexerAttribute: 9a22284fe3817be447336de3de66b15e -> 
  custom:container-demuxer-webm: 4f35f7cbe854078d1ac9338744f61a02 -> 
  custom:container-muxer-webm: aa71ff27fc2769a1b78a27578f13a17b -> 
  custom:video-decoder-webm-vp8: 9c59270c3fd7afecdb556c50c9e8de78 -> 
  custom:SearchIndexIgnoredProperties: e643bd26f0fe6173181afceb89e7c659 -> 
  custom:AudioImporter_EditorPlatform: d09bf68614088b80899f8185d706f6e7 -> 
  custom:video-encoder-webm-vp8: eb34c28f22e8b96e1ab97ce403110664 -> 
  custom:audio-decoder-ogg-vorbis: bf7c407c2cedff20999df2af8eb42d56 -> 
  custom:audio-encoder-webm-vorbis: bf7c407c2cedff20999df2af8eb42d56 -> 
  custom:scripting/precompiled-assembly-types:Assembly-CSharp: d2538484d89499f8392126d2ad179df2 -> 5313747ca47b8e51a918774a7844fafe
========================================================================
Received Prepare
Caller must complete domain reload
Begin MonoManager ReloadAssembly
- Loaded All Assemblies, in  0.385 seconds
Native extension for WindowsStandalone target not found
Mono: successfully reloaded assembly
- Finished resetting the current domain, in  0.672 seconds
Domain Reload Profiling: 1055ms
	BeginReloadAssembly (114ms)
		ExecutionOrderSort (0ms)
		DisableScriptedObjects (3ms)
		BackupInstance (0ms)
		ReleaseScriptingObjects (0ms)
		CreateAndSetChildDomain (29ms)
	RebuildCommonClasses (22ms)
	RebuildNativeTypeToScriptingClass (7ms)
	initialDomainReloadingComplete (42ms)
	LoadAllAssembliesAndSetupDomain (199ms)
		LoadAssemblies (246ms)
		RebuildTransferFunctionScriptingTraits (0ms)
		AnalyzeDomain (11ms)
			TypeCache.Refresh (4ms)
				TypeCache.ScanAssembly (0ms)
			ScanForSourceGeneratedMonoScriptInfo (0ms)
			ResolveRequiredComponents (5ms)
	FinalizeReload (672ms)
		ReleaseScriptCaches (0ms)
		RebuildScriptCaches (0ms)
		SetupLoadedEditorAssemblies (340ms)
			LogAssemblyErrors (0ms)
			InitializePlatformSupportModulesInManaged (5ms)
			SetLoadedEditorAssemblies (2ms)
			RefreshPlugins (0ms)
			BeforeProcessingInitializeOnLoad (40ms)
			ProcessInitializeOnLoadAttributes (261ms)
			ProcessInitializeOnLoadMethodAttributes (26ms)
			AfterProcessingInitializeOnLoad (5ms)
			EditorAssembliesLoaded (0ms)
		ExecutionOrderSort2 (0ms)
		AwakeInstancesAfterBackupRestoration (8ms)
Refreshing native plugins compatible for Editor in 10.97 ms, found 14 plugins.
Preloading 0 native plugins for Editor in 0.00 ms.
Unloading 3200 Unused Serialized files (Serialized files now loaded: 0)
Unloading 17 unused Assets / (30.1 KB). Loaded Objects now: 3776.
Memory consumption went from 123.9 MB to 123.8 MB.
Total: 4.537100 ms (FindLiveObjects: 0.703300 ms CreateObjectMapping: 0.196900 ms MarkObjects: 3.559100 ms  DeleteObjects: 0.076000 ms)

Prepare: number of updated asset objects reloaded= 0
AssetImportParameters requested are different than current active one (requested -> active):
  custom:container-demuxer-ogg: 62fdf1f143b41e24485cea50d1cbac27 -> 
  custom:video-codec-MediaFoundation-h265: 746d11721c4dcdbdad8f713fa42b33f4 -> 
  custom:video-decoder-ogg-theora: a1e56fd34408186e4bbccfd4996cb3dc -> 
  custom:framework-win-MediaFoundation: 216162199b28c13a410421893ffa2e32 -> 
  custom:CustomObjectIndexerAttribute: 9a22284fe3817be447336de3de66b15e -> 
  custom:container-demuxer-webm: 4f35f7cbe854078d1ac9338744f61a02 -> 
  custom:container-muxer-webm: aa71ff27fc2769a1b78a27578f13a17b -> 
  custom:video-decoder-webm-vp8: 9c59270c3fd7afecdb556c50c9e8de78 -> 
  custom:SearchIndexIgnoredProperties: e643bd26f0fe6173181afceb89e7c659 -> 
  custom:AudioImporter_EditorPlatform: d09bf68614088b80899f8185d706f6e7 -> 
  custom:video-encoder-webm-vp8: eb34c28f22e8b96e1ab97ce403110664 -> 
  custom:audio-decoder-ogg-vorbis: bf7c407c2cedff20999df2af8eb42d56 -> 
  custom:audio-encoder-webm-vorbis: bf7c407c2cedff20999df2af8eb42d56 -> 
  custom:scripting/precompiled-assembly-types:Assembly-CSharp: d2538484d89499f8392126d2ad179df2 -> 5313747ca47b8e51a918774a7844fafe
========================================================================
Received Prepare
Caller must complete domain reload
Begin MonoManager ReloadAssembly
- Loaded All Assemblies, in  0.688 seconds
Native extension for WindowsStandalone target not found
Mono: successfully reloaded assembly
- Finished resetting the current domain, in  1.326 seconds
Domain Reload Profiling: 2011ms
	BeginReloadAssembly (195ms)
		ExecutionOrderSort (0ms)
		DisableScriptedObjects (6ms)
		BackupInstance (0ms)
		ReleaseScriptingObjects (0ms)
		CreateAndSetChildDomain (43ms)
	RebuildCommonClasses (41ms)
	RebuildNativeTypeToScriptingClass (14ms)
	initialDomainReloadingComplete (79ms)
	LoadAllAssembliesAndSetupDomain (355ms)
		LoadAssemblies (431ms)
		RebuildTransferFunctionScriptingTraits (0ms)
		AnalyzeDomain (34ms)
			TypeCache.Refresh (12ms)
				TypeCache.ScanAssembly (2ms)
			ScanForSourceGeneratedMonoScriptInfo (10ms)
			ResolveRequiredComponents (9ms)
	FinalizeReload (1326ms)
		ReleaseScriptCaches (0ms)
		RebuildScriptCaches (0ms)
		SetupLoadedEditorAssemblies (580ms)
			LogAssemblyErrors (0ms)
			InitializePlatformSupportModulesInManaged (10ms)
			SetLoadedEditorAssemblies (4ms)
			RefreshPlugins (0ms)
			BeforeProcessingInitializeOnLoad (75ms)
			ProcessInitializeOnLoadAttributes (437ms)
			ProcessInitializeOnLoadMethodAttributes (42ms)
			AfterProcessingInitializeOnLoad (11ms)
			EditorAssembliesLoaded (0ms)
		ExecutionOrderSort2 (0ms)
		AwakeInstancesAfterBackupRestoration (9ms)
Refreshing native plugins compatible for Editor in 16.49 ms, found 14 plugins.
Preloading 0 native plugins for Editor in 0.00 ms.
Unloading 3200 Unused Serialized files (Serialized files now loaded: 0)
Unloading 17 unused Assets / (30.0 KB). Loaded Objects now: 3780.
Memory consumption went from 123.9 MB to 123.8 MB.
Total: 3.936000 ms (FindLiveObjects: 0.500100 ms CreateObjectMapping: 0.153100 ms MarkObjects: 3.230100 ms  DeleteObjects: 0.051600 ms)

Prepare: number of updated asset objects reloaded= 0
AssetImportParameters requested are different than current active one (requested -> active):
  custom:container-demuxer-ogg: 62fdf1f143b41e24485cea50d1cbac27 -> 
  custom:video-codec-MediaFoundation-h265: 746d11721c4dcdbdad8f713fa42b33f4 -> 
  custom:video-decoder-ogg-theora: a1e56fd34408186e4bbccfd4996cb3dc -> 
  custom:framework-win-MediaFoundation: 216162199b28c13a410421893ffa2e32 -> 
  custom:CustomObjectIndexerAttribute: 9a22284fe3817be447336de3de66b15e -> 
  custom:container-demuxer-webm: 4f35f7cbe854078d1ac9338744f61a02 -> 
  custom:container-muxer-webm: aa71ff27fc2769a1b78a27578f13a17b -> 
  custom:video-decoder-webm-vp8: 9c59270c3fd7afecdb556c50c9e8de78 -> 
  custom:SearchIndexIgnoredProperties: e643bd26f0fe6173181afceb89e7c659 -> 
  custom:AudioImporter_EditorPlatform: d09bf68614088b80899f8185d706f6e7 -> 
  custom:video-encoder-webm-vp8: eb34c28f22e8b96e1ab97ce403110664 -> 
  custom:audio-decoder-ogg-vorbis: bf7c407c2cedff20999df2af8eb42d56 -> 
  custom:audio-encoder-webm-vorbis: bf7c407c2cedff20999df2af8eb42d56 -> 
  custom:scripting/precompiled-assembly-types:Assembly-CSharp: d2538484d89499f8392126d2ad179df2 -> 5313747ca47b8e51a918774a7844fafe
========================================================================
Received Prepare
Caller must complete domain reload
Begin MonoManager ReloadAssembly
- Loaded All Assemblies, in  0.458 seconds
Native extension for WindowsStandalone target not found
Mono: successfully reloaded assembly
- Finished resetting the current domain, in  0.719 seconds
Domain Reload Profiling: 1176ms
	BeginReloadAssembly (180ms)
		ExecutionOrderSort (0ms)
		DisableScriptedObjects (6ms)
		BackupInstance (0ms)
		ReleaseScriptingObjects (0ms)
		CreateAndSetChildDomain (44ms)
	RebuildCommonClasses (34ms)
	RebuildNativeTypeToScriptingClass (7ms)
	initialDomainReloadingComplete (43ms)
	LoadAllAssembliesAndSetupDomain (192ms)
		LoadAssemblies (274ms)
		RebuildTransferFunctionScriptingTraits (0ms)
		AnalyzeDomain (11ms)
			TypeCache.Refresh (4ms)
				TypeCache.ScanAssembly (0ms)
			ScanForSourceGeneratedMonoScriptInfo (0ms)
			ResolveRequiredComponents (5ms)
	FinalizeReload (720ms)
		ReleaseScriptCaches (0ms)
		RebuildScriptCaches (0ms)
		SetupLoadedEditorAssemblies (354ms)
			LogAssemblyErrors (0ms)
			InitializePlatformSupportModulesInManaged (5ms)
			SetLoadedEditorAssemblies (2ms)
			RefreshPlugins (0ms)
			BeforeProcessingInitializeOnLoad (43ms)
			ProcessInitializeOnLoadAttributes (271ms)
			ProcessInitializeOnLoadMethodAttributes (25ms)
			AfterProcessingInitializeOnLoad (7ms)
			EditorAssembliesLoaded (0ms)
		ExecutionOrderSort2 (0ms)
		AwakeInstancesAfterBackupRestoration (5ms)
Refreshing native plugins compatible for Editor in 11.25 ms, found 14 plugins.
Preloading 0 native plugins for Editor in 0.00 ms.
Unloading 3200 Unused Serialized files (Serialized files now loaded: 0)
Unloading 17 unused Assets / (30.0 KB). Loaded Objects now: 3784.
Memory consumption went from 123.9 MB to 123.8 MB.
Total: 4.297100 ms (FindLiveObjects: 0.589500 ms CreateObjectMapping: 0.165200 ms MarkObjects: 3.468200 ms  DeleteObjects: 0.072800 ms)

Prepare: number of updated asset objects reloaded= 0
AssetImportParameters requested are different than current active one (requested -> active):
  custom:container-demuxer-ogg: 62fdf1f143b41e24485cea50d1cbac27 -> 
  custom:video-codec-MediaFoundation-h265: 746d11721c4dcdbdad8f713fa42b33f4 -> 
  custom:video-decoder-ogg-theora: a1e56fd34408186e4bbccfd4996cb3dc -> 
  custom:framework-win-MediaFoundation: 216162199b28c13a410421893ffa2e32 -> 
  custom:CustomObjectIndexerAttribute: 9a22284fe3817be447336de3de66b15e -> 
  custom:container-demuxer-webm: 4f35f7cbe854078d1ac9338744f61a02 -> 
  custom:container-muxer-webm: aa71ff27fc2769a1b78a27578f13a17b -> 
  custom:video-decoder-webm-vp8: 9c59270c3fd7afecdb556c50c9e8de78 -> 
  custom:SearchIndexIgnoredProperties: e643bd26f0fe6173181afceb89e7c659 -> 
  custom:AudioImporter_EditorPlatform: d09bf68614088b80899f8185d706f6e7 -> 
  custom:video-encoder-webm-vp8: eb34c28f22e8b96e1ab97ce403110664 -> 
  custom:audio-decoder-ogg-vorbis: bf7c407c2cedff20999df2af8eb42d56 -> 
  custom:audio-encoder-webm-vorbis: bf7c407c2cedff20999df2af8eb42d56 -> 
  custom:scripting/precompiled-assembly-types:Assembly-CSharp: d2538484d89499f8392126d2ad179df2 -> 5313747ca47b8e51a918774a7844fafe
========================================================================
Received Import Request.
  Time since last request: 1423.083794 seconds.
  path: Assets/LLMUnity/Samples/MultipleCharacters/Scene.unity
  artifactKey: Guid(3ee024827215e30e382336894fbd9c09) Importer(815301076,1909f56bfc062723c751e8b465ee728b)
Start importing Assets/LLMUnity/Samples/MultipleCharacters/Scene.unity using Guid(3ee024827215e30e382336894fbd9c09) Importer(815301076,1909f56bfc062723c751e8b465ee728b) [PhysX] Initialized MultithreadedTaskDispatcher with 20 workers.
 -> (artifact id: '6ddf74d1eb99c1a335e02242969671b6') in 0.007056 seconds
Number of updated asset objects reloaded before import = 0
Number of asset objects unloaded after import = 0
========================================================================
Received Import Request.
  Time since last request: 67.934641 seconds.
  path: Assets/Scenes/SampleScene.unity
  artifactKey: Guid(9fc0d4010bbf28b4594072e72b8655ab) Importer(815301076,1909f56bfc062723c751e8b465ee728b)
Start importing Assets/Scenes/SampleScene.unity using Guid(9fc0d4010bbf28b4594072e72b8655ab) Importer(815301076,1909f56bfc062723c751e8b465ee728b) [PhysX] Initialized MultithreadedTaskDispatcher with 20 workers.
 -> (artifact id: 'b6723457d22bbbe91befd4d2a7957c0a') in 0.000485 seconds
Number of updated asset objects reloaded before import = 0
Number of asset objects unloaded after import = 0
