{"cameraMode":{"drawMode":0,"name":"Shaded","section":"Shading Mode"},"sceneLighting":false,"audioPlay":false,"sceneViewState":{"m_AlwaysRefresh":false,"showFog":true,"showSkybox":false,"showFlares":true,"showImageEffects":true,"showParticleSystems":true,"showVisualEffectGraphs":true,"m_FxEnabled":true},"in2DMode":false,"pivot":{"x":-0.13768109679222108,"y":0.05865095928311348,"z":0.12875396013259889},"rotation":{"x":0.029130373150110246,"y":-0.728962242603302,"z":0.028628189116716386,"w":0.683634340763092},"size":0.23747773468494416,"orthographic":false}